Date,AAPL
19/03/2008,17.400475
20/03/2008,17.883556
24/03/2008,18.723591
25/03/2008,18.918164
26/03/2008,19.465665
27/03/2008,18.820201
28/03/2008,19.190571
31/03/2008,19.256324
01/04/2008,20.065493
02/04/2008,19.791744
03/04/2008,20.344607
04/04/2008,20.541868
07/04/2008,20.918944
08/04/2008,20.509667
09/04/2008,20.321801
10/04/2008,20.739127
11/04/2008,19.744778
14/04/2008,19.83066
15/04/2008,19.911171
16/04/2008,20.625064
17/04/2008,20.731077
18/04/2008,21.610021
21/04/2008,22.565462
22/04/2008,21.4973
23/04/2008,21.858277
24/04/2008,22.670133
25/04/2008,22.776137
28/04/2008,23.112952
29/04/2008,23.490029
30/04/2008,23.342423
01/05/2008,24.154279
02/05/2008,24.280412
05/05/2008,24.788995
06/05/2008,25.047979
07/05/2008,24.501831
08/05/2008,24.833275
09/05/2008,24.617229
12/05/2008,25.249268
13/05/2008,25.490809
14/05/2008,24.994305
15/05/2008,25.459951
16/05/2008,25.176809
19/05/2008,24.63736
20/05/2008,24.945996
21/05/2008,23.911385
22/05/2008,23.758416
23/05/2008,24.311278
27/05/2008,25.017122
28/05/2008,25.094945
29/05/2008,25.052009
30/05/2008,25.328445
02/06/2008,24.972833
03/06/2008,24.874879
04/06/2008,24.850718
05/06/2008,25.419692
06/06/2008,24.911109
09/06/2008,24.370325
10/06/2008,24.911109
11/06/2008,24.262969
12/06/2008,23.249833
13/06/2008,23.130406
16/06/2008,23.730235
17/06/2008,24.346165
18/06/2008,23.986532
19/06/2008,24.275048
20/06/2008,23.519553
23/06/2008,23.23641
24/06/2008,23.248489
25/06/2008,23.80404
26/06/2008,22.578876
27/06/2008,22.824447
30/06/2008,22.468843
01/07/2008,23.440386
02/07/2008,22.568139
03/07/2008,22.828476
07/07/2008,23.504795
08/07/2008,24.093889
09/07/2008,23.382683
10/07/2008,23.702056
11/07/2008,23.158585
14/07/2008,23.333029
15/07/2008,22.764065
16/07/2008,23.189442
17/07/2008,23.05526
18/07/2008,22.161549
21/07/2008,22.314521
22/07/2008,21.741527
23/07/2008,22.3105
24/07/2008,21.340301
25/07/2008,21.75495
28/07/2008,20.718998
29/07/2008,21.078631
30/07/2008,21.454364
31/07/2008,21.329564
01/08/2008,21.02227
04/08/2008,20.561997
05/08/2008,21.556347
06/08/2008,22.03272
07/08/2008,21.949523
08/08/2008,22.751986
11/08/2008,23.290093
12/08/2008,23.71547
13/08/2008,24.060346
14/08/2008,24.063022
15/08/2008,23.582619
18/08/2008,23.535653
19/08/2008,23.286064
20/08/2008,23.596043
21/08/2008,23.388045
22/08/2008,23.72352
25/08/2008,23.154556
26/08/2008,23.300819
27/08/2008,23.439042
28/08/2008,23.314242
29/08/2008,22.7493
02/09/2008,22.301107
03/09/2008,22.404434
04/09/2008,21.634179
05/09/2008,21.494623
08/09/2008,21.19135
09/09/2008,20.354
10/09/2008,20.344607
11/09/2008,20.484164
12/09/2008,19.986317
15/09/2008,18.834968
16/09/2008,18.770558
17/09/2008,17.153563
18/09/2008,17.993589
19/09/2008,18.908771
22/09/2008,17.585655
23/09/2008,17.020713
24/09/2008,17.271646
25/09/2008,17.703738
26/09/2008,17.208578
29/09/2008,14.12488
30/09/2008,15.25208
01/10/2008,14.642856
02/10/2008,13.432461
03/10/2008,13.025861
06/10/2008,13.169448
07/10/2008,11.964414
08/10/2008,12.048955
09/10/2008,11.908055
10/10/2008,12.989631
13/10/2008,14.795836
14/10/2008,13.966537
15/10/2008,13.143954
16/10/2008,13.672657
17/10/2008,13.070151
20/10/2008,13.209707
21/10/2008,12.277081
22/10/2008,12.999024
23/10/2008,13.181527
24/10/2008,12.933271
27/10/2008,12.357591
28/10/2008,13.406967
29/10/2008,14.029604
30/10/2008,14.900506
31/10/2008,14.437547
03/11/2008,14.353006
04/11/2008,14.89379
05/11/2008,13.861867
06/11/2008,13.298267
07/11/2008,13.182871
10/11/2008,12.866174
11/11/2008,12.717225
12/11/2008,12.093245
13/11/2008,12.941321
14/11/2008,12.109344
17/11/2008,11.827544
18/11/2008,12.065064
19/11/2008,11.579288
20/11/2008,10.800986
21/11/2008,11.081442
24/11/2008,12.472998
25/11/2008,12.184491
26/11/2008,12.748091
28/11/2008,12.435425
01/12/2008,11.933558
02/12/2008,12.408588
03/12/2008,12.868861
04/12/2008,12.266344
05/12/2008,12.613897
08/12/2008,13.381464
09/12/2008,13.427097
10/12/2008,13.17884
11/12/2008,12.748091
12/12/2008,13.186891
15/12/2008,12.714538
16/12/2008,12.805794
17/12/2008,11.964414
18/12/2008,12.000645
19/12/2008,12.077134
22/12/2008,11.505485
23/12/2008,11.591368
24/12/2008,11.411552
26/12/2008,11.514878
29/12/2008,11.622234
30/12/2008,11.579288
31/12/2008,11.453154
02/01/2009,12.177784
05/01/2009,12.691731
06/01/2009,12.482391
07/01/2009,12.212671
08/01/2009,12.439454
09/01/2009,12.154967
12/01/2009,11.897319
13/01/2009,11.769841
14/01/2009,11.450468
15/01/2009,11.188798
16/01/2009,11.047898
20/01/2009,10.493691
21/01/2009,11.114995
22/01/2009,11.857068
23/01/2009,11.857068
26/01/2009,12.028825
27/01/2009,12.175097
28/01/2009,12.640734
29/01/2009,12.479705
30/01/2009,12.094578
02/02/2009,12.279767
03/02/2009,12.477027
04/02/2009,12.553518
05/02/2009,12.944007
06/02/2009,13.381464
09/02/2009,13.755863
10/02/2009,13.127844
11/02/2009,12.992318
12/02/2009,13.321084
13/02/2009,13.306318
17/02/2009,12.685024
18/02/2009,12.663551
19/02/2009,12.163018
20/02/2009,12.238165
23/02/2009,11.667858
24/02/2009,12.110688
25/02/2009,12.2328
26/02/2009,11.968445
27/02/2009,11.984544
02/03/2009,11.800707
03/03/2009,11.858411
04/03/2009,12.234144
05/03/2009,11.921478
06/03/2009,11.446438
09/03/2009,11.152568
10/03/2009,11.893298
11/03/2009,12.436767
12/03/2009,12.92925
13/03/2009,12.872891
16/03/2009,12.80445
17/03/2009,13.373414
18/03/2009,13.623014
19/03/2009,13.636428
20/03/2009,13.632407
23/03/2009,14.44694
24/03/2009,14.291283
25/03/2009,14.28994
26/03/2009,14.743497
27/03/2009,14.33825
30/03/2009,14.021554
31/03/2009,14.106094
01/04/2009,14.585153
02/04/2009,15.124604
03/04/2009,15.564746
06/04/2009,15.894857
07/04/2009,15.431896
08/04/2009,15.609026
09/04/2009,16.04515
13/04/2009,16.132375
14/04/2009,15.876069
15/04/2009,15.786156
16/04/2009,16.297426
17/04/2009,16.561782
20/04/2009,16.16995
21/04/2009,16.33903
22/04/2009,16.305476
23/04/2009,16.827482
24/04/2009,16.626193
27/04/2009,16.737568
28/04/2009,16.626193
29/04/2009,16.792586
30/04/2009,16.885176
01/05/2009,17.074385
04/05/2009,17.722525
05/05/2009,17.808409
06/05/2009,17.780228
07/05/2009,17.318612
08/05/2009,17.336055
11/05/2009,17.387052
12/05/2009,16.695975
13/05/2009,16.034412
14/05/2009,16.498715
15/05/2009,16.427589
18/05/2009,16.995218
19/05/2009,17.102566
20/05/2009,16.890549
21/05/2009,16.663765
22/05/2009,16.438326
26/05/2009,17.549425
27/05/2009,17.854031
28/05/2009,18.125095
29/05/2009,18.224402
01/06/2009,18.699432
02/06/2009,18.718218
03/06/2009,18.914135
04/06/2009,19.288535
05/06/2009,19.413324
08/06/2009,19.30329
09/06/2009,19.151655
10/06/2009,18.820201
11/06/2009,18.779952
12/06/2009,18.380059
15/06/2009,18.261974
16/06/2009,18.296863
17/06/2009,18.193535
18/06/2009,18.233795
19/06/2009,18.716876
22/06/2009,18.433742
23/06/2009,17.982862
24/06/2009,18.279417
25/06/2009,18.767871
26/06/2009,19.114081
29/06/2009,19.051014
30/06/2009,19.112737
01/07/2009,19.16642
02/07/2009,18.789344
06/07/2009,18.600134
07/07/2009,18.169384
08/07/2009,18.413611
09/07/2009,18.298205
10/07/2009,18.588055
13/07/2009,19.100667
14/07/2009,19.091274
15/07/2009,19.709891
16/07/2009,19.795773
17/07/2009,20.363394
20/07/2009,20.51906
21/07/2009,20.331195
22/07/2009,21.033007
23/07/2009,21.177927
24/07/2009,21.46912
27/07/2009,21.483886
28/07/2009,21.470463
29/07/2009,21.474493
30/07/2009,21.844854
31/07/2009,21.925374
03/08/2009,22.333306
04/08/2009,22.215223
05/08/2009,22.156176
06/08/2009,21.995147
07/08/2009,22.20986
10/08/2009,22.103846
11/08/2009,21.850227
12/08/2009,22.183013
13/08/2009,22.600349
14/08/2009,22.380274
17/08/2009,21.415448
18/08/2009,22.007226
19/08/2009,22.087746
20/08/2009,22.319894
21/08/2009,22.707706
24/08/2009,22.686233
25/08/2009,22.731857
26/08/2009,22.464814
27/08/2009,22.738563
28/08/2009,22.819083
31/08/2009,22.57217
01/09/2009,22.18168
02/09/2009,22.165569
03/09/2009,22.349416
04/09/2009,22.853969
08/09/2009,23.205553
09/09/2009,22.965346
10/09/2009,23.155899
11/09/2009,23.102226
14/09/2009,23.311557
15/09/2009,23.504795
16/09/2009,24.405212
17/09/2009,24.764845
18/09/2009,24.827913
21/09/2009,24.693719
22/09/2009,24.755452
23/09/2009,24.892322
24/09/2009,24.666882
25/09/2009,24.472309
28/09/2009,24.979548
29/09/2009,24.876222
30/09/2009,24.872193
01/10/2009,24.269675
02/10/2009,24.811811
05/10/2009,24.962104
06/10/2009,25.497526
07/10/2009,25.529725
08/10/2009,25.398219
09/10/2009,25.559247
12/10/2009,25.604871
13/10/2009,25.498859
14/10/2009,25.669282
15/10/2009,25.571328
16/10/2009,25.234512
19/10/2009,25.477395
20/10/2009,26.671692
21/10/2009,27.498304
22/10/2009,27.535876
23/10/2009,27.366798
26/10/2009,27.170872
27/10/2009,26.485157
28/10/2009,25.818232
29/10/2009,26.348287
30/10/2009,25.294892
02/11/2009,25.403592
03/11/2009,25.328445
04/11/2009,25.604871
05/11/2009,26.036965
06/11/2009,26.078567
09/11/2009,27.034002
10/11/2009,27.237969
11/11/2009,27.274197
12/11/2009,27.105117
13/11/2009,27.435228
16/11/2009,27.727764
17/11/2009,27.777417
18/11/2009,27.63786
19/11/2009,26.906525
20/11/2009,26.827347
23/11/2009,27.627124
24/11/2009,27.433884
25/11/2009,27.400341
27/11/2009,26.917251
30/11/2009,26.826005
01/12/2009,26.431485
02/12/2009,26.332188
03/12/2009,26.365731
04/12/2009,25.941688
07/12/2009,25.355282
08/12/2009,25.478738
09/12/2009,26.542861
10/12/2009,26.359024
11/12/2009,26.122848
14/12/2009,26.432827
15/12/2009,26.055751
16/12/2009,26.171157
17/12/2009,25.745771
18/12/2009,26.224831
21/12/2009,26.600564
22/12/2009,26.886394
23/12/2009,27.119884
24/12/2009,28.051167
28/12/2009,28.396033
29/12/2009,28.059217
30/12/2009,28.400063
31/12/2009,28.27795
04/01/2010,28.718094
05/01/2010,28.767737
06/01/2010,28.310151
07/01/2010,28.257821
08/01/2010,28.445687
11/01/2010,28.194745
12/01/2010,27.874037
13/01/2010,28.267213
14/01/2010,28.103497
15/01/2010,27.63383
19/01/2010,28.856306
20/01/2010,28.412135
21/01/2010,27.921004
22/01/2010,26.536154
25/01/2010,27.250048
26/01/2010,27.635174
27/01/2010,27.8955
28/01/2010,26.742807
29/01/2010,25.772608
01/02/2010,26.130897
02/02/2010,26.282534
03/02/2010,26.734757
04/02/2010,25.771266
05/02/2010,26.22886
08/02/2010,26.049045
09/02/2010,26.326814
10/02/2010,26.183238
11/02/2010,26.659611
12/02/2010,26.889071
16/02/2010,27.294328
17/02/2010,27.180265
18/02/2010,27.231261
19/02/2010,27.06218
22/02/2010,26.894444
23/02/2010,26.443565
24/02/2010,26.926645
25/02/2010,27.106461
26/02/2010,27.458044
01/03/2010,28.04445
02/03/2010,28.025665
03/03/2010,28.090083
04/03/2010,28.275264
05/03/2010,29.38099
08/03/2010,29.398433
09/03/2010,29.927147
10/03/2010,30.171372
11/03/2010,30.259943
12/03/2010,30.407549
15/03/2010,30.03718
16/03/2010,30.119042
17/03/2010,30.074753
18/03/2010,30.14588
19/03/2010,29.82382
22/03/2010,30.159293
23/03/2010,30.643726
24/03/2010,30.779252
25/03/2010,30.414257
26/03/2010,30.984563
29/03/2010,31.184509
30/03/2010,31.648812
31/03/2010,31.534749
01/04/2010,31.664911
05/04/2010,32.003072
06/04/2010,32.143973
07/04/2010,32.286215
08/04/2010,32.198987
09/04/2010,32.445903
12/04/2010,32.513
13/04/2010,32.531783
14/04/2010,32.969243
15/04/2010,33.402679
16/04/2010,33.198712
19/04/2010,33.154423
20/04/2010,32.821634
21/04/2010,34.78484
22/04/2010,35.757716
23/04/2010,36.342789
26/04/2010,36.164317
27/04/2010,35.163262
28/04/2010,35.104213
29/04/2010,36.04891
30/04/2010,35.035773
03/05/2010,35.741616
04/05/2010,34.712379
05/05/2010,34.351404
06/05/2010,33.044388
07/05/2010,31.650155
10/05/2010,34.083028
11/05/2010,34.422521
12/05/2010,35.169966
13/05/2010,34.669434
14/05/2010,34.060209
17/05/2010,34.113883
18/05/2010,33.864294
19/05/2010,33.324843
20/05/2010,31.905109
21/05/2010,32.51702
24/05/2010,33.112829
25/05/2010,32.906174
26/05/2010,32.757225
27/05/2010,33.997144
28/05/2010,34.470831
01/06/2010,35.000886
02/06/2010,35.419559
03/06/2010,35.30818
04/06/2010,34.347373
07/06/2010,33.673743
08/06/2010,33.457693
09/06/2010,32.63511
10/06/2010,33.616038
11/06/2010,34.018608
14/06/2010,34.121935
15/06/2010,34.847909
16/06/2010,35.862387
17/06/2010,36.482346
18/06/2010,36.777568
21/06/2010,36.254221
22/06/2010,36.748046
23/06/2010,36.361576
24/06/2010,36.09722
25/06/2010,35.788582
28/06/2010,36.003288
29/06/2010,34.375555
30/06/2010,33.752919
01/07/2010,33.343631
02/07/2010,33.13698
06/07/2010,33.363761
07/07/2010,34.711039
08/07/2010,34.633203
09/07/2010,34.838514
12/07/2010,34.525848
13/07/2010,33.789149
14/07/2010,33.913948
15/07/2010,33.74218
16/07/2010,33.534185
19/07/2010,32.954484
20/07/2010,33.801229
21/07/2010,34.116571
22/07/2010,34.758005
23/07/2010,34.881459
26/07/2010,34.792892
27/07/2010,35.437002
28/07/2010,35.018329
29/07/2010,34.635891
30/07/2010,34.520484
02/08/2010,35.137756
03/08/2010,35.148495
04/08/2010,35.289393
05/08/2010,35.117629
06/08/2010,34.901579
09/08/2010,35.124344
10/08/2010,34.810335
11/08/2010,33.5731
12/08/2010,33.787806
13/08/2010,33.426827
16/08/2010,33.230912
17/08/2010,33.811953
18/08/2010,33.95957
19/08/2010,33.531498
20/08/2010,33.499299
23/08/2010,32.984006
24/08/2010,32.196303
25/08/2010,32.593509
26/08/2010,32.243269
27/08/2010,32.423085
30/08/2010,32.541179
31/08/2010,32.621688
01/09/2010,33.591887
02/09/2010,33.838799
03/09/2010,34.724451
07/09/2010,34.595633
08/09/2010,35.281345
09/09/2010,35.301472
10/09/2010,35.347098
13/09/2010,35.834208
14/09/2010,35.971085
15/09/2010,36.260936
16/09/2010,37.113041
17/09/2010,36.952013
20/09/2010,38.006752
21/09/2010,38.079213
22/09/2010,38.613289
23/09/2010,38.770297
24/09/2010,39.22654
27/09/2010,39.070887
28/09/2010,38.493862
29/09/2010,38.562302
30/09/2010,38.076526
01/10/2010,37.911477
04/10/2010,37.390813
05/10/2010,38.772977
06/10/2010,38.806527
07/10/2010,38.810548
08/10/2010,39.461374
11/10/2010,39.634485
12/10/2010,40.061206
13/10/2010,40.275908
14/10/2010,40.567103
15/10/2010,42.235094
18/10/2010,42.67255
19/10/2010,41.530594
20/10/2010,41.670152
21/10/2010,41.534615
22/10/2010,41.259531
25/10/2010,41.443367
26/10/2010,41.337356
27/10/2010,41.307833
28/10/2010,40.960277
29/10/2010,40.388627
01/11/2010,40.818043
02/11/2010,41.513151
03/11/2010,41.974759
04/11/2010,42.708781
05/11/2010,42.555811
08/11/2010,42.755747
09/11/2010,42.41491
10/11/2010,42.676581
11/11/2010,42.491391
12/11/2010,41.334679
15/11/2010,41.201829
16/11/2010,40.470491
17/11/2010,40.324218
18/11/2010,41.388353
19/11/2010,41.160224
22/11/2010,42.049903
23/11/2010,41.428611
24/11/2010,42.243145
26/11/2010,42.269981
29/11/2010,42.520913
30/11/2010,41.753348
01/12/2010,42.457848
02/12/2010,42.692681
03/12/2010,42.597406
06/12/2010,42.961057
07/12/2010,42.700729
08/12/2010,43.076464
09/12/2010,42.908727
10/12/2010,43.016082
13/12/2010,43.165035
14/12/2010,42.979844
15/12/2010,42.989236
16/12/2010,43.108674
17/12/2010,43.02279
20/12/2010,43.237492
21/12/2010,43.504536
22/12/2010,43.633358
23/12/2010,43.424016
27/12/2010,43.568945
28/12/2010,43.674949
29/12/2010,43.650801
30/12/2010,43.432068
31/12/2010,43.284462
03/01/2011,44.225135
04/01/2011,44.455941
05/01/2011,44.819603
06/01/2011,44.783362
07/01/2011,45.104079
10/01/2011,45.953508
11/01/2011,45.844809
12/01/2011,46.217867
13/01/2011,46.386944
14/01/2011,46.762678
18/01/2011,45.71197
19/01/2011,45.469074
20/01/2011,44.642464
21/01/2011,43.842696
24/01/2011,45.282554
25/01/2011,45.81261
26/01/2011,46.141375
27/01/2011,46.055491
28/01/2011,45.101402
31/01/2011,45.533495
01/02/2011,46.29972
02/02/2011,46.20444
03/02/2011,46.086357
04/02/2011,46.496979
07/02/2011,47.218922
08/02/2011,47.664437
09/02/2011,48.061635
10/02/2011,47.575869
11/02/2011,47.885847
14/02/2011,48.198516
15/02/2011,48.295136
16/02/2011,48.728561
17/02/2011,48.080422
18/02/2011,47.041793
22/02/2011,45.438219
23/02/2011,45.976315
24/02/2011,46.011213
25/02/2011,46.719733
28/02/2011,47.397394
01/03/2011,46.874053
02/03/2011,47.251132
03/03/2011,48.249503
04/03/2011,48.308548
07/03/2011,47.685901
08/03/2011,47.739585
09/03/2011,47.298098
10/03/2011,46.519793
11/03/2011,47.233688
14/03/2011,47.444363
15/03/2011,46.353393
16/03/2011,44.284184
17/03/2011,44.905476
18/03/2011,44.372744
21/03/2011,45.530811
22/03/2011,45.785771
23/03/2011,45.516044
24/03/2011,46.291668
25/03/2011,47.1733
28/03/2011,47.02569
29/03/2011,47.095464
30/03/2011,46.782809
31/03/2011,46.766699
01/04/2011,46.23665
04/04/2011,45.784427
05/04/2011,45.475793
06/04/2011,45.36173
07/04/2011,45.367091
08/04/2011,44.961837
11/04/2011,44.390188
12/04/2011,44.60489
13/04/2011,45.105423
14/04/2011,44.607577
15/04/2011,43.941992
18/04/2011,44.531085
19/04/2011,45.337568
20/04/2011,45.948136
21/04/2011,47.060577
25/04/2011,47.370559
26/04/2011,47.023006
27/04/2011,46.986776
28/04/2011,46.530522
29/04/2011,46.984088
02/05/2011,46.467456
03/05/2011,46.725104
04/05/2011,46.90894
05/05/2011,46.530522
06/05/2011,46.518453
09/05/2011,46.644584
10/05/2011,46.89284
11/05/2011,46.594942
12/05/2011,46.50637
13/05/2011,45.691839
16/05/2011,44.725668
17/05/2011,45.106766
18/05/2011,45.607299
19/05/2011,45.69586
20/05/2011,44.983308
23/05/2011,44.873277
24/05/2011,44.576711
25/05/2011,45.19265
26/05/2011,44.953786
27/05/2011,45.27719
31/05/2011,46.675451
01/06/2011,46.364129
02/06/2011,46.443305
03/06/2011,46.086357
06/06/2011,45.36173
07/06/2011,44.556591
08/06/2011,44.583426
09/06/2011,44.482776
10/06/2011,43.732654
13/06/2011,43.826586
14/06/2011,44.610261
15/06/2011,43.846716
16/06/2011,43.633358
17/06/2011,42.975824
20/06/2011,42.312919
21/06/2011,43.652145
22/06/2011,43.291166
23/06/2011,44.447889
24/06/2011,43.793043
27/06/2011,44.556591
28/06/2011,44.988683
29/06/2011,44.824967
30/06/2011,45.043701
01/07/2011,46.062199
05/07/2011,46.890157
06/07/2011,47.202822
07/07/2011,47.932813
08/07/2011,48.26963
11/07/2011,47.503408
12/07/2011,47.469855
13/07/2011,48.042848
14/07/2011,48.009305
15/07/2011,48.968769
18/07/2011,50.160378
19/07/2011,50.569652
20/07/2011,51.918274
21/07/2011,51.970604
22/07/2011,52.777087
25/07/2011,53.474879
26/07/2011,54.133756
27/07/2011,52.681818
28/07/2011,52.578491
29/07/2011,52.398676
01/08/2011,53.240045
02/08/2011,52.187994
03/08/2011,52.679131
04/08/2011,50.639437
05/08/2011,50.136227
08/08/2011,47.397394
09/08/2011,50.188557
10/08/2011,48.803709
11/08/2011,50.146955
12/08/2011,50.58844
15/08/2011,51.449951
16/08/2011,51.056773
17/08/2011,51.051402
18/08/2011,49.120402
19/08/2011,47.775816
22/08/2011,47.83083
23/08/2011,50.13354
24/08/2011,50.479752
25/08/2011,50.149639
26/08/2011,51.472755
29/08/2011,52.330235
30/08/2011,52.332923
31/08/2011,51.640495
01/09/2011,51.130578
02/09/2011,50.193921
06/09/2011,50.957466
07/09/2011,51.519724
08/09/2011,51.547903
09/09/2011,50.654193
12/09/2011,50.984305
13/09/2011,51.612313
14/09/2011,52.240331
15/09/2011,52.731461
16/09/2011,53.743266
19/09/2011,55.236805
20/09/2011,55.48103
21/09/2011,55.305235
22/09/2011,53.920394
23/09/2011,54.253183
26/09/2011,54.101546
27/09/2011,53.576862
28/09/2011,53.274932
29/09/2011,52.410748
30/09/2011,51.169492
03/10/2011,50.267733
04/10/2011,49.985934
05/10/2011,50.75752
06/10/2011,50.639437
07/10/2011,49.623615
10/10/2011,52.174578
11/10/2011,53.715087
12/10/2011,53.97004
13/10/2011,54.80739
14/10/2011,56.62835
17/10/2011,56.35863
18/10/2011,56.66056
19/10/2011,53.490978
20/10/2011,53.046814
21/10/2011,52.719393
24/10/2011,54.450442
25/10/2011,53.376926
26/10/2011,53.756678
27/10/2011,54.30552
28/10/2011,54.340407
31/10/2011,54.317592
01/11/2011,53.207846
02/11/2011,53.328617
03/11/2011,54.08813
04/11/2011,53.708368
07/11/2011,53.639938
08/11/2011,54.512175
09/11/2011,53.042786
10/11/2011,51.692832
11/11/2011,51.612313
14/11/2011,50.893057
15/11/2011,52.177255
16/11/2011,51.632443
17/11/2011,50.644801
18/11/2011,50.313355
21/11/2011,49.517601
22/11/2011,50.52403
23/11/2011,49.246537
25/11/2011,48.787606
28/11/2011,50.4717
29/11/2011,50.079866
30/11/2011,51.287575
01/12/2011,52.056488
02/12/2011,52.294005
05/12/2011,52.73818
06/12/2011,52.461741
07/12/2011,52.212152
08/12/2011,52.422827
09/12/2011,52.820032
12/12/2011,52.581168
13/12/2011,52.174578
14/12/2011,51.017855
15/12/2011,50.850119
16/12/2011,51.129234
19/12/2011,51.288919
20/12/2011,53.132698
21/12/2011,53.199787
22/12/2011,53.481587
23/12/2011,54.123017
27/12/2011,54.552426
28/12/2011,54.030429
29/12/2011,54.363225
30/12/2011,54.347115
03/01/2012,55.183121
04/01/2012,55.479686
05/01/2012,56.095618
06/01/2012,56.682035
09/01/2012,56.59212
10/01/2012,56.794754
11/01/2012,56.702162
12/01/2012,56.546498
13/01/2012,56.334479
17/01/2012,56.990669
18/01/2012,57.58245
19/01/2012,57.399947
20/01/2012,56.400232
23/01/2012,57.354325
24/01/2012,56.414992
25/01/2012,59.93749
26/01/2012,59.665083
27/01/2012,60.020686
30/01/2012,60.789599
31/01/2012,61.255245
01/02/2012,61.216324
02/02/2012,61.072742
03/02/2012,61.68465
06/02/2012,62.260331
07/02/2012,62.912486
08/02/2012,63.965882
09/02/2012,66.178688
10/02/2012,66.212234
13/02/2012,67.444105
14/02/2012,68.364647
15/02/2012,66.78254
16/02/2012,67.391775
17/02/2012,67.379692
21/02/2012,69.087938
22/02/2012,68.845049
23/02/2012,69.294585
24/02/2012,70.102412
27/02/2012,70.551948
28/02/2012,71.846884
29/02/2012,72.790252
01/03/2012,73.062659
02/03/2012,73.157931
05/03/2012,71.544958
06/03/2012,71.155808
07/03/2012,71.213512
08/03/2012,72.729859
09/03/2012,73.156591
12/03/2012,74.073106
13/03/2012,76.233574
14/03/2012,79.115979
15/03/2012,78.576539
16/03/2012,78.577886
19/03/2012,80.661859
20/03/2012,81.314021
21/03/2012,80.849723
22/03/2012,80.425686
23/03/2012,79.984198
26/03/2012,81.450902
27/03/2012,82.457328
28/03/2012,82.878685
29/03/2012,81.837372
30/03/2012,80.453865
02/04/2012,83.014212
03/04/2012,84.448717
04/04/2012,83.776416
05/04/2012,85.033779
09/04/2012,85.375967
10/04/2012,84.330619
11/04/2012,84.030033
12/04/2012,83.569762
13/04/2012,81.216069
16/04/2012,77.847881
17/04/2012,81.815894
18/04/2012,81.633391
19/04/2012,78.828815
20/04/2012,76.888424
23/04/2012,76.716664
24/04/2012,75.184206
25/04/2012,81.856156
26/04/2012,81.547522
27/04/2012,80.916823
30/04/2012,78.364517
01/05/2012,78.116268
02/05/2012,78.632904
03/05/2012,78.074666
04/05/2012,75.851132
07/05/2012,76.418758
08/05/2012,76.24431
09/05/2012,76.378503
10/05/2012,76.558319
11/05/2012,76.047051
14/05/2012,74.907771
15/05/2012,74.230118
16/05/2012,73.278702
17/05/2012,71.137024
18/05/2012,71.171911
21/05/2012,75.3184
22/05/2012,74.740031
23/05/2012,76.56368
24/05/2012,75.860527
25/05/2012,75.453926
29/05/2012,76.793152
30/05/2012,77.719062
31/05/2012,77.525831
01/06/2012,75.279486
04/06/2012,75.722313
05/06/2012,75.526394
06/06/2012,76.68445
07/06/2012,76.719351
08/06/2012,77.873386
11/06/2012,76.645536
12/06/2012,77.315149
13/06/2012,76.778382
14/06/2012,76.693845
15/06/2012,77.042741
18/06/2012,78.606065
19/06/2012,78.824788
20/06/2012,78.60069
21/06/2012,77.517783
22/06/2012,78.11224
25/06/2012,76.591858
26/06/2012,76.760939
27/06/2012,77.092391
28/06/2012,76.36106
29/06/2012,78.367204
02/07/2012,79.510504
03/07/2012,80.435074
05/07/2012,81.848108
06/07/2012,81.303293
09/07/2012,82.378153
10/07/2012,81.615948
11/07/2012,81.108707
12/07/2012,80.366633
13/07/2012,81.181182
16/07/2012,81.441507
17/07/2012,81.445528
18/07/2012,81.354276
19/07/2012,82.435858
20/07/2012,81.091264
23/07/2012,81.028198
24/07/2012,80.637701
25/07/2012,77.155464
26/07/2012,77.143381
27/07/2012,78.522869
30/07/2012,79.847324
31/07/2012,81.958136
01/08/2012,81.428084
02/08/2012,81.55959
03/08/2012,82.621034
06/08/2012,83.540236
07/08/2012,83.320173
08/08/2012,83.179272
09/08/2012,83.653646
10/08/2012,83.784378
13/08/2012,84.902934
14/08/2012,85.130693
15/08/2012,85.014787
16/08/2012,85.757348
17/08/2012,87.343556
20/08/2012,89.639981
21/08/2012,88.414955
22/08/2012,90.141309
23/08/2012,89.300368
24/08/2012,89.379877
27/08/2012,91.059067
28/08/2012,90.940477
29/08/2012,90.761235
30/08/2012,89.467476
31/08/2012,89.652108
04/09/2012,90.963393
05/09/2012,90.324589
06/09/2012,91.138583
07/09/2012,91.700556
10/09/2012,89.315188
11/09/2012,89.025446
12/09/2012,90.265298
13/09/2012,92.042868
14/09/2012,93.161431
17/09/2012,94.30694
18/09/2012,94.593998
19/09/2012,94.619606
20/09/2012,94.161403
21/09/2012,94.348728
24/09/2012,93.095395
25/09/2012,90.770671
26/09/2012,89.644018
27/09/2012,91.819154
28/09/2012,89.902776
01/10/2012,88.863722
02/10/2012,89.12248
03/10/2012,90.489012
04/10/2012,89.862342
05/10/2012,87.94731
08/10/2012,86.003971
09/10/2012,85.691313
10/10/2012,86.373236
11/10/2012,84.646875
12/10/2012,84.863852
15/10/2012,85.544423
16/10/2012,87.569962
17/10/2012,86.871873
18/10/2012,85.258711
19/10/2012,82.186043
22/10/2012,85.446036
23/10/2012,82.660425
24/10/2012,83.128055
25/10/2012,82.145608
26/10/2012,81.399002
31/10/2012,80.229223
01/11/2012,80.393646
02/11/2012,77.733354
05/11/2012,78.787228
06/11/2012,78.548694
07/11/2012,75.543207
08/11/2012,72.801717
09/11/2012,74.062126
12/11/2012,73.489459
13/11/2012,73.498931
14/11/2012,72.683937
15/11/2012,71.159533
16/11/2012,71.438422
19/11/2012,76.589711
20/11/2012,75.937166
21/11/2012,76.044122
23/11/2012,77.370868
26/11/2012,79.811799
27/11/2012,79.16874
28/11/2012,78.919631
29/11/2012,79.788793
30/11/2012,79.236429
03/12/2012,79.359631
04/12/2012,77.959781
05/12/2012,72.942518
06/12/2012,74.086492
07/12/2012,72.192502
10/12/2012,71.728136
11/12/2012,73.294512
12/12/2012,72.970947
13/12/2012,71.710538
14/12/2012,69.016434
17/12/2012,70.240287
18/12/2012,72.2805
19/12/2012,71.252947
20/12/2012,70.6329
21/12/2012,70.307983
24/12/2012,70.4217
26/12/2012,69.451011
27/12/2012,69.729901
28/12/2012,68.989357
31/12/2012,72.046293
02/01/2013,74.328833
03/01/2013,73.390637
04/01/2013,71.346361
07/01/2013,70.926677
08/01/2013,71.117569
09/01/2013,70.00608
10/01/2013,70.873875
11/01/2013,70.439298
14/01/2013,67.927966
15/01/2013,65.78486
16/01/2013,68.51552
17/01/2013,68.053872
18/01/2013,67.691047
22/01/2013,68.336818
23/01/2013,69.587749
24/01/2013,60.989629
25/01/2013,59.551874
28/01/2013,60.898926
29/01/2013,62.041548
30/01/2013,61.846601
31/01/2013,61.665188
01/02/2013,61.412023
04/02/2013,59.882203
05/02/2013,61.983331
06/02/2013,61.916994
07/02/2013,63.758031
08/02/2013,64.678547
11/02/2013,65.352596
12/02/2013,63.714455
13/02/2013,63.593262
14/02/2013,63.536065
15/02/2013,62.660485
19/02/2013,62.637344
20/02/2013,61.120396
21/02/2013,60.740479
22/02/2013,61.387291
25/02/2013,60.296559
26/02/2013,61.136737
27/02/2013,60.537582
28/02/2013,60.105919
01/03/2013,58.617565
04/03/2013,57.198666
05/03/2013,58.708807
06/03/2013,57.962587
07/03/2013,58.63255
08/03/2013,58.787789
11/03/2013,59.62524
12/03/2013,58.339784
13/03/2013,58.328891
14/03/2013,58.893993
15/03/2013,60.413669
18/03/2013,62.055893
19/03/2013,61.888397
20/03/2013,61.560234
21/03/2013,61.648738
22/03/2013,62.898784
25/03/2013,63.12619
26/03/2013,62.793932
27/03/2013,61.560234
28/03/2013,60.277494
01/04/2013,58.405148
02/04/2013,58.524974
03/04/2013,58.824554
04/04/2013,58.243103
05/04/2013,57.627606
08/04/2013,58.037478
09/04/2013,58.14233
10/04/2013,59.328384
11/04/2013,59.143187
12/04/2013,58.526338
15/04/2013,57.171432
16/04/2013,58.041568
17/04/2013,54.849718
18/04/2013,53.385876
19/04/2013,53.178898
22/04/2013,54.287334
23/04/2013,55.303165
24/04/2013,55.211934
25/04/2013,55.609552
26/04/2013,56.810579
29/04/2013,58.569906
30/04/2013,60.293843
01/05/2013,59.818596
02/05/2013,60.666942
03/05/2013,61.274271
06/05/2013,62.735383
07/05/2013,62.456234
08/05/2013,63.161606
09/05/2013,62.610568
10/05/2013,62.089689
13/05/2013,62.332311
14/05/2013,60.840958
15/05/2013,58.783507
16/05/2013,59.56893
17/05/2013,59.387997
20/05/2013,60.713479
21/05/2013,60.265255
22/05/2013,60.496907
23/05/2013,60.605199
24/05/2013,61.017787
28/05/2013,60.509246
29/05/2013,60.990372
30/05/2013,61.899159
31/05/2013,61.645571
03/06/2013,61.781278
04/06/2013,61.588003
05/06/2013,61.012297
06/06/2013,60.100765
07/06/2013,60.559958
10/06/2013,60.159709
11/06/2013,59.982891
12/06/2013,59.241325
13/06/2013,59.758087
14/06/2013,58.947987
17/06/2013,59.215286
18/06/2013,59.183757
19/06/2013,57.981628
20/06/2013,57.137261
21/06/2013,56.679443
24/06/2013,55.177124
25/06/2013,55.189463
26/06/2013,54.564413
27/06/2013,53.976379
28/06/2013,54.35332
01/07/2013,56.092771
02/07/2013,57.363437
03/07/2013,57.680073
05/07/2013,57.216768
08/07/2013,56.891905
09/07/2013,57.892527
10/07/2013,57.670479
11/07/2013,58.569673
12/07/2013,58.462754
15/07/2013,58.590232
16/07/2013,58.96855
17/07/2013,58.98363
18/07/2013,59.182384
19/07/2013,58.24892
22/07/2013,58.435339
23/07/2013,57.431964
24/07/2013,60.381768
25/07/2013,60.106255
26/07/2013,60.44756
29/07/2013,61.379656
30/07/2013,62.137667
31/07/2013,62.029375
01/08/2013,62.598226
02/08/2013,63.401471
05/08/2013,64.34865
06/08/2013,63.77294
07/08/2013,63.735928
08/08/2013,63.608982
09/08/2013,62.703858
12/08/2013,64.485138
13/08/2013,67.54962
14/08/2013,68.781763
15/08/2013,68.700352
16/08/2013,69.310215
19/08/2013,70.056674
20/08/2013,69.136364
21/08/2013,69.314349
22/08/2013,69.397145
23/08/2013,69.129466
26/08/2013,69.398523
27/08/2013,67.414402
28/08/2013,67.733132
29/08/2013,67.843516
30/08/2013,67.225378
03/09/2013,67.413024
04/09/2013,68.807981
05/09/2013,68.336098
06/09/2013,68.743135
09/09/2013,69.840046
10/09/2013,68.249168
11/09/2013,64.533433
12/09/2013,65.220558
13/09/2013,64.145724
16/09/2013,62.106412
17/09/2013,62.823889
18/09/2013,64.115365
19/09/2013,65.166752
20/09/2013,64.492043
23/09/2013,67.697261
24/09/2013,67.484774
25/09/2013,66.440285
26/09/2013,67.087397
27/09/2013,66.608618
30/09/2013,65.780749
01/10/2013,67.32748
02/10/2013,67.548242
03/10/2013,66.699681
04/10/2013,66.647252
07/10/2013,67.298506
08/10/2013,66.358875
09/10/2013,67.138456
10/10/2013,67.55928
11/10/2013,67.996669
14/10/2013,68.442341
15/10/2013,68.806595
16/10/2013,69.141883
17/10/2013,69.609624
18/10/2013,70.215346
21/10/2013,71.935929
22/10/2013,71.73034
23/10/2013,72.432652
24/10/2013,73.391582
25/10/2013,72.570618
28/10/2013,73.111495
29/10/2013,71.290195
30/10/2013,72.424362
31/10/2013,72.12082
01/11/2013,71.752417
04/11/2013,72.679625
05/11/2013,72.500261
06/11/2013,72.294846
07/11/2013,71.124913
08/11/2013,72.244883
11/11/2013,72.035328
12/11/2013,72.168556
13/11/2013,72.254599
14/11/2013,73.299643
15/11/2013,72.8597
18/11/2013,71.977034
19/11/2013,72.104718
20/11/2013,71.473254
21/11/2013,72.325382
22/11/2013,72.139412
25/11/2013,72.686219
26/11/2013,74.02686
27/11/2013,75.769985
29/11/2013,77.173071
02/12/2013,76.501361
03/12/2013,78.595605
04/12/2013,78.412408
05/12/2013,78.814877
06/12/2013,77.721271
09/12/2013,78.610866
10/12/2013,78.488742
11/12/2013,77.907241
12/12/2013,77.793432
13/12/2013,76.945477
16/12/2013,77.371537
17/12/2013,77.023189
18/12/2013,76.437523
19/12/2013,75.561802
20/12/2013,76.194652
23/12/2013,79.118813
24/12/2013,78.782954
26/12/2013,78.259739
27/12/2013,77.730988
30/12/2013,76.957958
31/12/2013,77.86005
02/01/2014,76.765051
03/01/2014,75.078841
06/01/2014,75.488255
07/01/2014,74.948378
08/01/2014,75.423016
09/01/2014,74.459866
10/01/2014,73.96303
13/01/2014,74.35023
14/01/2014,75.82965
15/01/2014,77.352111
16/01/2014,76.920491
17/01/2014,75.035816
21/01/2014,76.20159
22/01/2014,76.540221
23/01/2014,77.188347
24/01/2014,75.785246
27/01/2014,76.400056
28/01/2014,70.293597
29/01/2014,69.495597
30/01/2014,69.360976
31/01/2014,69.474784
03/02/2014,69.603846
04/02/2014,70.611415
05/02/2014,71.138788
06/02/2014,71.553437
07/02/2014,72.554466
10/02/2014,73.854272
11/02/2014,74.827377
12/02/2014,74.821793
13/02/2014,76.009905
14/02/2014,75.948481
18/02/2014,76.227707
19/02/2014,75.024235
20/02/2014,74.155837
21/02/2014,73.332115
24/02/2014,73.653231
25/02/2014,72.88675
26/02/2014,72.229168
27/02/2014,73.669985
28/02/2014,73.470331
03/03/2014,73.682548
04/03/2014,74.168408
05/03/2014,74.324771
06/03/2014,74.09999
07/03/2014,74.056707
10/03/2014,74.123723
11/03/2014,74.845533
12/03/2014,74.918126
13/03/2014,74.086024
14/03/2014,73.25393
17/03/2014,73.540143
18/03/2014,74.190746
19/03/2014,74.171196
20/03/2014,73.813784
21/03/2014,74.395978
24/03/2014,75.278327
25/03/2014,76.08809
26/03/2014,75.360703
27/03/2014,75.036799
28/03/2014,74.953036
31/03/2014,74.936275
01/04/2014,75.621781
02/04/2014,75.747432
03/04/2014,75.222488
04/04/2014,74.249382
07/04/2014,73.083608
08/04/2014,73.079411
09/04/2014,74.03996
10/04/2014,73.085003
11/04/2014,72.544698
14/04/2014,72.833692
15/04/2014,72.31434
16/04/2014,72.460928
17/04/2014,73.28884
21/04/2014,74.158633
22/04/2014,74.23262
23/04/2014,73.262311
24/04/2014,79.268493
25/04/2014,79.850679
28/04/2014,82.943129
29/04/2014,82.697403
30/04/2014,82.384669
01/05/2014,82.578731
02/05/2014,82.732313
05/05/2014,83.902277
06/05/2014,82.987799
07/05/2014,82.697403
08/05/2014,82.549993
09/05/2014,82.206023
12/05/2014,83.229499
13/05/2014,83.360066
14/05/2014,83.375504
15/05/2014,82.666517
16/05/2014,83.886533
19/05/2014,84.880527
20/05/2014,84.897367
21/05/2014,85.121994
22/05/2014,85.256783
23/05/2014,86.219878
27/05/2014,87.834399
28/05/2014,87.606968
29/05/2014,89.203239
30/05/2014,88.869106
02/06/2014,88.258386
03/06/2014,89.506489
04/06/2014,90.528555
05/06/2014,90.883749
06/06/2014,90.633854
09/06/2014,92.084113
10/06/2014,92.624631
11/06/2014,92.241357
12/06/2014,90.698433
13/06/2014,89.705848
16/06/2014,90.609981
17/06/2014,90.492055
18/06/2014,90.590329
19/06/2014,90.275848
20/06/2014,89.342234
23/06/2014,89.263612
24/06/2014,88.723094
25/06/2014,88.801716
26/06/2014,89.332404
27/06/2014,90.393781
30/06/2014,91.327395
01/07/2014,91.907217
02/07/2014,91.867913
03/07/2014,92.408424
07/07/2014,94.31497
08/07/2014,93.70566
09/07/2014,93.744971
10/07/2014,93.401008
11/07/2014,93.577904
14/07/2014,94.786689
15/07/2014,93.676178
16/07/2014,93.14549
17/07/2014,91.484632
18/07/2014,92.801527
21/07/2014,92.31998
22/07/2014,93.086527
23/07/2014,95.513932
24/07/2014,95.356688
25/07/2014,95.98565
28/07/2014,97.312368
29/07/2014,96.683405
30/07/2014,96.457376
31/07/2014,93.951349
01/08/2014,94.472207
04/08/2014,93.941519
05/08/2014,93.47963
06/08/2014,93.322386
07/08/2014,93.312514
08/08/2014,93.569296
11/08/2014,94.80385
12/08/2014,94.7841
13/08/2014,96.038404
14/08/2014,96.295193
15/08/2014,96.769265
18/08/2014,97.934684
19/08/2014,99.28775
20/08/2014,99.327257
21/08/2014,99.337135
22/08/2014,100.067989
25/08/2014,100.285271
26/08/2014,99.643302
27/08/2014,100.867977
28/08/2014,100.986497
29/08/2014,101.233408
02/09/2014,102.023525
03/09/2014,97.717401
04/09/2014,96.907534
05/09/2014,97.747029
08/09/2014,97.144566
09/09/2014,96.779136
10/09/2014,99.751943
11/09/2014,100.17663
12/09/2014,100.403791
15/09/2014,100.374156
16/09/2014,99.613674
17/09/2014,100.324778
18/09/2014,100.532182
19/09/2014,99.712437
22/09/2014,99.8112
23/09/2014,101.371677
24/09/2014,100.492676
25/09/2014,96.660623
26/09/2014,99.505033
29/09/2014,98.872942
30/09/2014,99.505033
01/10/2014,97.954433
02/10/2014,98.665538
03/10/2014,98.388999
06/10/2014,98.388999
07/10/2014,97.529747
08/10/2014,99.554418
09/10/2014,99.771693
10/10/2014,99.485283
13/10/2014,98.576646
14/10/2014,97.529747
15/10/2014,96.334699
16/10/2014,95.070518
17/10/2014,96.46309
20/10/2014,98.527268
21/10/2014,101.20378
22/10/2014,101.717351
23/10/2014,103.534618
24/10/2014,103.919798
27/10/2014,103.811157
28/10/2014,105.421012
29/10/2014,106.013596
30/10/2014,105.658052
31/10/2014,106.665444
03/11/2014,108.048146
04/11/2014,107.258029
05/11/2014,107.514818
06/11/2014,107.822309
07/11/2014,108.129811
10/11/2014,107.951265
11/11/2014,108.814235
12/11/2014,110.351723
13/11/2014,111.909046
14/11/2014,113.258065
17/11/2014,113.069597
18/11/2014,114.53765
19/11/2014,113.744106
20/11/2014,115.370864
21/11/2014,115.529576
24/11/2014,117.672131
25/11/2014,116.650449
26/11/2014,118.039146
28/11/2014,117.969712
01/12/2014,114.140878
02/12/2014,113.704428
03/12/2014,114.993935
04/12/2014,114.557485
05/12/2014,114.071444
08/12/2014,111.492439
09/12/2014,113.198552
10/12/2014,111.046068
11/12/2014,110.718738
12/12/2014,108.843999
15/12/2014,107.356111
16/12/2014,105.888058
17/12/2014,108.526583
18/12/2014,111.74042
19/12/2014,110.877442
22/12/2014,112.028079
23/12/2014,111.631308
24/12/2014,111.105588
26/12/2014,113.069597
29/12/2014,112.990248
30/12/2014,111.611465
31/12/2014,109.488745
