date;PriceUSD
13/11/2010;0.276
14/11/2010;0.27904
15/11/2010;0.268464555815313
16/11/2010;0.225
17/11/2010;0.241939333722969
18/11/2010;0.269057790765634
19/11/2010;0.27829
20/11/2010;0.283015964932788
21/11/2010;0.27675
22/11/2010;0.285
23/11/2010;0.28295
24/11/2010;0.282905736411455
25/11/2010;0.28
26/11/2010;0.2844
27/11/2010;0.283
28/11/2010;0.271358679135009
29/11/2010;0.230559456458212
30/11/2010;0.2082
01/12/2010;0.2275
02/12/2010;0.255
03/12/2010;0.251060083576856
04/12/2010;0.205000526008182
05/12/2010;0.202850017533606
06/12/2010;0.204
07/12/2010;0.233420385739334
08/12/2010;0.2388
09/12/2010;0.199991694330801
10/12/2010;0.204
11/12/2010;0.228
12/12/2010;0.219853611922852
13/12/2010;0.227605236703682
14/12/2010;0.24669
15/12/2010;0.24
16/12/2010;0.24996
17/12/2010;0.242655815312683
18/12/2010;0.241
19/12/2010;0.2401
20/12/2010;0.267
21/12/2010;0.241436002337814
22/12/2010;0.25
23/12/2010;0.249970127995324
24/12/2010;0.248
25/12/2010;0.2499
26/12/2010;0.264962127410871
27/12/2010;0.264785388661601
28/12/2010;0.281
29/12/2010;0.3
30/12/2010;0.3
31/12/2010;0.3
01/01/2011;0.3
02/01/2011;0.29997
03/01/2011;0.295
04/01/2011;0.29895
05/01/2011;0.298916302162478
06/01/2011;0.298
07/01/2011;0.32
08/01/2011;0.3229
09/01/2011;0.323
10/01/2011;0.32659
11/01/2011;0.32659
12/01/2011;0.318799621274109
13/01/2011;0.3176
14/01/2011;0.399990005844535
15/01/2011;0.386
16/01/2011;0.38679
17/01/2011;0.3495
18/01/2011;0.31299
19/01/2011;0.31299
20/01/2011;0.39
21/01/2011;0.41991
22/01/2011;0.44003552893045
23/01/2011;0.4424
24/01/2011;0.4199
25/01/2011;0.41
26/01/2011;0.415085129748685
27/01/2011;0.4212
28/01/2011;0.444484044418469
29/01/2011;0.439
30/01/2011;0.477142033898305
31/01/2011;0.525136870251315
01/02/2011;0.707510116890707
02/02/2011;0.725434821741671
03/02/2011;0.693898367621274
04/02/2011;0.810958971361777
05/02/2011;0.911671477498539
06/02/2011;0.898
07/02/2011;0.889421369959088
08/02/2011;0.918
09/02/2011;1.01605024547049
10/02/2011;0.979652963179427
11/02/2011;1.05406945353594
12/02/2011;1.07870328404442
13/02/2011;1.05
14/02/2011;1.07001262419638
15/02/2011;1.05
16/02/2011;1.031687628872
17/02/2011;1.0399231975453
18/02/2011;0.898955914669784
19/02/2011;0.944028116890707
20/02/2011;0.865
21/02/2011;0.835747428404442
22/02/2011;0.877041779661017
23/02/2011;0.9
24/02/2011;0.989095265926359
25/02/2011;0.914652001753361
26/02/2011;0.958
27/02/2011;0.895033114552893
28/02/2011;0.860220923436587
01/03/2011;0.921096891876096
02/03/2011;0.9399
03/03/2011;0.939073383401519
04/03/2011;0.9011
05/03/2011;0.90784060666277
06/03/2011;0.884770973115138
07/03/2011;0.877583864406779
08/03/2011;0.866071591466979
09/03/2011;0.86
10/03/2011;0.920670309760374
11/03/2011;0.88
12/03/2011;0.917815513150205
13/03/2011;0.89249
14/03/2011;0.893924922852133
15/03/2011;0.87224
16/03/2011;0.851211665692578
17/03/2011;0.82542
18/03/2011;0.801959208065459
19/03/2011;0.765
20/03/2011;0.7415
21/03/2011;0.75897
22/03/2011;0.809130292811222
23/03/2011;0.84971
24/03/2011;0.872374365867914
25/03/2011;0.88377
26/03/2011;0.8552
27/03/2011;0.822
28/03/2011;0.794740500292227
29/03/2011;0.792509941554646
30/03/2011;0.789706312098189
31/03/2011;0.78461
01/04/2011;0.77411
02/04/2011;0.78199
03/04/2011;0.779
04/04/2011;0.68
05/04/2011;0.715691834599649
06/04/2011;0.74
07/04/2011;0.7538
08/04/2011;0.74999
09/04/2011;0.734060517241379
10/04/2011;0.733156820572765
11/04/2011;0.770113933372297
12/04/2011;0.861381607831677
13/04/2011;0.930320058445353
14/04/2011;0.998629766218586
15/04/2011;0.983673136762127
16/04/2011;1.04663285797779
17/04/2011;1.09812209789597
18/04/2011;1.14943331151373
19/04/2011;1.18516222092344
20/04/2011;1.14212598480421
21/04/2011;1.20733887200468
22/04/2011;1.40450508182349
23/04/2011;1.82885230099357
24/04/2011;1.63198421975453
25/04/2011;1.56448363530099
26/04/2011;1.77084089012274
27/04/2011;1.9031759585038
28/04/2011;2.28574446580947
29/04/2011;2.85060509000585
30/04/2011;3.5
01/05/2011;3.0942275534775
02/05/2011;3.2
03/05/2011;3.36058570368206
04/05/2011;3.40867304734074
05/05/2011;3.34373668439509
06/05/2011;3.45507558445354
07/05/2011;3.64126297779077
08/05/2011;3.84866837697253
09/05/2011;3.80408958211572
10/05/2011;5.65166700233781
11/05/2011;5.43975104383402
12/05/2011;6.3348786943308
13/05/2011;8.13903486732905
14/05/2011;7.00724382933957
15/05/2011;6.92492484453536
16/05/2011;7.88514074517826
17/05/2011;7.25719954061952
18/05/2011;6.76316336236119
19/05/2011;6.89014363237873
20/05/2011;5.61809621858562
21/05/2011;6.08480066744594
22/05/2011;6.71195603974284
23/05/2011;7.06525678375219
24/05/2011;7.40266058211573
25/05/2011;8.56928963705436
26/05/2011;8.78215543424898
27/05/2011;8.52865846814728
28/05/2011;8.34926911981298
29/05/2011;8.40095347223846
30/05/2011;8.77934246464056
31/05/2011;8.72157642197545
01/06/2011;9.62377723202805
02/06/2011;10.7027602279369
03/06/2011;14.2646467738165
04/06/2011;18.3127387258913
05/06/2011;16.5433423962595
06/06/2011;18.4020986440678
07/06/2011;23.2378784628872
08/06/2011;29.0299213267095
09/06/2011;28.7905440181181
10/06/2011;24.0493992285213
11/06/2011;14.7497466277031
12/06/2011;18.8501447311514
13/06/2011;19.5423291145529
14/06/2011;19.2577355055523
15/06/2011;19.4641426241964
16/06/2011;17.9293625423729
17/06/2011;15.4363689129164
18/06/2011;16.8754045353594
19/06/2011;17.5107167913501
20/06/2011;17.5107167913501
21/06/2011;17.5107167913501
22/06/2011;17.5107167913501
23/06/2011;17.5107167913501
24/06/2011;17.5107167913501
25/06/2011;17.5107167913501
26/06/2011;16.3613420157802
27/06/2011;16.7522858132671
28/06/2011;16.9618353071303
29/06/2011;16.8545683179427
30/06/2011;16.1852627808299
01/07/2011;15.4203573991818
02/07/2011;15.38284406955
03/07/2011;15.4575505604909
04/07/2011;13.8527968123904
05/07/2011;12.9648177147867
06/07/2011;14.7147835832846
07/07/2011;14.7972891613092
08/07/2011;14.2990376969608
09/07/2011;14.3815006697838
10/07/2011;14.6229375511397
11/07/2011;14.3101554330801
12/07/2011;14.0212726215663
13/07/2011;13.9714545225015
14/07/2011;13.997974547633
15/07/2011;13.8063904056108
16/07/2011;13.7130792992402
17/07/2011;13.2581353109293
18/07/2011;13.6305212504383
19/07/2011;13.8247948386908
20/07/2011;13.6783305920514
21/07/2011;13.6118084418469
22/07/2011;13.6985473310929
23/07/2011;13.6817183424898
24/07/2011;13.992515176505
25/07/2011;14.0334253787259
26/07/2011;13.8780323232028
27/07/2011;13.878224755114
28/07/2011;13.4915910756867
29/07/2011;13.5123163901227
30/07/2011;13.5402806738749
31/07/2011;13.3729061022794
01/08/2011;13.0191138468732
02/08/2011;12.2141564389246
03/08/2011;9.28635691350088
04/08/2011;10.7685037481005
05/08/2011;9.73015395967271
06/08/2011;6.964169735827
07/08/2011;8.50179329222677
08/08/2011;7.77533763793104
09/08/2011;9.80249948100526
10/08/2011;10.0512531274109
11/08/2011;9.43841299473992
12/08/2011;9.45299328521333
13/08/2011;10.0040247445938
14/08/2011;10.8068207665108
15/08/2011;11.1306965499708
16/08/2011;10.9919655669199
17/08/2011;10.9639640561075
18/08/2011;10.8584714558738
19/08/2011;11.6704730432496
20/08/2011;11.4597317393337
21/08/2011;11.3544813407364
22/08/2011;10.9208958246639
23/08/2011;10.9172450543542
24/08/2011;10.870444289889
25/08/2011;9.5460936735827
26/08/2011;8.12692016306254
27/08/2011;8.59649760666277
28/08/2011;9.03086639976622
29/08/2011;8.96115727060199
30/08/2011;8.80994873816481
31/08/2011;8.19915176446523
01/09/2011;8.23428166510813
02/09/2011;8.6214244377557
03/09/2011;8.44965344067796
04/09/2011;8.20347060227937
05/09/2011;7.5973325251315
06/09/2011;6.84653002893045
07/09/2011;7.16297027352426
08/09/2011;6.67818000029223
09/09/2011;4.98677704178843
10/09/2011;4.74284665517242
11/09/2011;5.85290397253068
12/09/2011;6.09062947223846
13/09/2011;5.80252327703098
14/09/2011;5.59743261016949
15/09/2011;4.86775518468732
16/09/2011;4.83116810052601
17/09/2011;4.775285635301
18/09/2011;5.23673227819988
19/09/2011;5.52037669199299
20/09/2011;6.14666555172414
21/09/2011;5.59706749795441
22/09/2011;5.47504877673875
23/09/2011;5.56342141963764
24/09/2011;5.45788968731736
25/09/2011;5.34115488135593
26/09/2011;4.87382608123904
27/09/2011;4.91115779251899
28/09/2011;4.76341532144945
29/09/2011;4.77766097837522
30/09/2011;5.14368590999416
01/10/2011;5.03407054471069
02/10/2011;5.00706259672706
03/10/2011;5.02284486031561
04/10/2011;4.95680562068966
05/10/2011;4.88506713091759
06/10/2011;4.73016629573349
07/10/2011;4.27603575686733
08/10/2011;3.98125299415546
09/10/2011;4.11163464348334
10/10/2011;4.07496248392753
11/10/2011;4.00892449590883
12/10/2011;4.16623534248977
13/10/2011;4.03698109000584
14/10/2011;3.98628088544711
15/10/2011;3.83733856049094
16/10/2011;3.60974171654003
17/10/2011;2.58124672180012
18/10/2011;2.42227473816482
19/10/2011;2.21725471303331
20/10/2011;2.35612350847458
21/10/2011;2.57009230508475
22/10/2011;3.15548613851549
23/10/2011;3.14775092986558
24/10/2011;2.52293599766219
25/10/2011;2.80192383109293
26/10/2011;2.7775052390415
27/10/2011;3.04540782758621
28/10/2011;3.17963943658679
29/10/2011;3.56918896873174
30/10/2011;3.25740372296902
31/10/2011;3.26509821274109
01/11/2011;3.17100774284044
02/11/2011;3.2558005666277
03/11/2011;3.16831638515488
04/11/2011;3.12011817182934
05/11/2011;2.97781759789597
06/11/2011;2.96272057685564
07/11/2011;3.01775768731736
08/11/2011;3.05656711104617
09/11/2011;2.9195672238457
10/11/2011;2.85670208533022
11/11/2011;3.06786173348919
12/11/2011;3.02552299590883
13/11/2011;2.98637330333139
14/11/2011;2.22422446434833
15/11/2011;2.3223841157218
16/11/2011;2.54678093074226
17/11/2011;2.27909583576856
18/11/2011;2.10506600321449
19/11/2011;2.20345672180012
20/11/2011;2.20198950964348
21/11/2011;2.27987916540035
22/11/2011;2.32245859614261
23/11/2011;2.33032356750438
24/11/2011;2.43887900029223
25/11/2011;2.49616100292227
26/11/2011;2.47179996902396
27/11/2011;2.47756495119813
28/11/2011;2.5412402521917
29/11/2011;2.75769848275862
30/11/2011;2.9660415458796
01/12/2011;3.08258945002922
02/12/2011;3.10040233313852
03/12/2011;2.80385618527177
04/12/2011;2.81969397603741
05/12/2011;2.87479622735242
06/12/2011;3.02536045149036
07/12/2011;2.98550242109877
08/12/2011;2.99188048305085
09/12/2011;2.95579195207481
10/12/2011;3.06897526709527
11/12/2011;3.2492688471654
12/12/2011;3.18733535651666
13/12/2011;3.24108840853302
14/12/2011;3.1550865043834
15/12/2011;3.20313854061952
16/12/2011;3.2091377773232
17/12/2011;3.19254170426651
18/12/2011;3.19401080888369
19/12/2011;3.52577391934541
20/12/2011;3.95255082729398
21/12/2011;3.88899325073057
22/12/2011;3.90306042051432
23/12/2011;3.93796507597896
24/12/2011;3.93941911864407
25/12/2011;4.23386687784921
26/12/2011;3.99912196405611
27/12/2011;4.0955185458796
28/12/2011;4.20729587609585
29/12/2011;4.17335222676797
30/12/2011;4.31063509000584
31/12/2011;4.71430633138515
01/01/2012;5.2948427773232
02/01/2012;5.2048778918761
03/01/2012;4.87050882875511
04/01/2012;5.58570626709527
05/01/2012;6.87400087726476
06/01/2012;6.68331663997662
07/01/2012;6.79622798071303
08/01/2012;7.09665056633548
09/01/2012;6.28853834248977
10/01/2012;6.52847455523086
11/01/2012;6.88912772121566
12/01/2012;6.77356419579194
13/01/2012;6.45436889012273
14/01/2012;6.76172714260666
15/01/2012;7.04692255815312
16/01/2012;6.71560766656926
17/01/2012;5.59962195032145
18/01/2012;5.9002312881356
19/01/2012;6.31570634161309
20/01/2012;6.50149198831093
21/01/2012;6.18056832554062
22/01/2012;6.30296722676797
23/01/2012;6.37487607714787
24/01/2012;6.27447647574518
25/01/2012;5.81046507247224
26/01/2012;5.36722695441262
27/01/2012;5.30313719696084
28/01/2012;5.65979677498539
29/01/2012;5.39142945733489
30/01/2012;5.50348193863238
31/01/2012;5.53822029573349
01/02/2012;6.07523265225015
02/02/2012;6.09957291291642
03/02/2012;5.95161092752776
04/02/2012;5.8954132390415
05/02/2012;5.67811571712449
06/02/2012;5.48266405844535
07/02/2012;5.66202770017534
08/02/2012;5.6185281899474
09/02/2012;5.83569985417884
10/02/2012;5.93783415546464
11/02/2012;5.61213285330216
12/02/2012;5.51909716949152
13/02/2012;5.34835455932203
14/02/2012;4.48365409175921
15/02/2012;4.3255203220339
16/02/2012;4.25523904500292
17/02/2012;4.39153837288136
18/02/2012;4.27008127761543
19/02/2012;4.38955145821157
20/02/2012;4.36513593892461
21/02/2012;4.31511560198714
22/02/2012;4.41931028755114
23/02/2012;5.03951511805961
24/02/2012;5.02560875891292
25/02/2012;4.77256738106371
26/02/2012;4.9264208515488
27/02/2012;4.95251575628287
28/02/2012;4.85725777556984
29/02/2012;4.87274875569842
01/03/2012;4.92207212361192
02/03/2012;4.71482358708358
03/03/2012;4.62819325248393
04/03/2012;4.83414448158971
05/03/2012;4.98239290385739
06/03/2012;4.98784135242548
07/03/2012;4.94911288457043
08/03/2012;4.93497949503214
09/03/2012;4.87229784745763
10/03/2012;4.84142380479252
11/03/2012;4.89202875160724
12/03/2012;4.91083937931035
13/03/2012;5.29088027878434
14/03/2012;5.39054329222677
15/03/2012;5.34082089888954
16/03/2012;5.33957479135009
17/03/2012;5.23600355406195
18/03/2012;5.27014898538866
19/03/2012;4.67867255289305
20/03/2012;4.83083021624781
21/03/2012;4.81722952483928
22/03/2012;4.72960850496785
23/03/2012;4.69164317650497
24/03/2012;4.65198626592636
25/03/2012;4.55227026241964
26/03/2012;4.63272235973115
27/03/2012;4.81134073524255
28/03/2012;4.79058939158387
29/03/2012;4.79406657218001
30/03/2012;4.86140935651666
31/03/2012;4.88977687317358
01/04/2012;4.79332567738165
02/04/2012;4.98304547866745
03/04/2012;4.95623319286967
04/04/2012;4.91784217767387
05/04/2012;4.92084924488603
06/04/2012;4.94910743220339
07/04/2012;4.70971191028638
08/04/2012;4.77881884921099
09/04/2012;4.85254738106371
10/04/2012;4.84141759380479
11/04/2012;4.91525071712449
12/04/2012;4.90115814728229
13/04/2012;4.93440673348919
14/04/2012;4.95636466101695
15/04/2012;4.9616003383986
16/04/2012;4.95076456925774
17/04/2012;4.9687445075979
18/04/2012;5.12437744301578
19/04/2012;5.13090651139684
20/04/2012;5.36651596814728
21/04/2012;5.28255033898305
22/04/2012;5.19560899473992
23/04/2012;5.11088819170076
24/04/2012;5.08786726241964
25/04/2012;5.14881624547048
26/04/2012;5.09741928579778
27/04/2012;5.09588733985973
28/04/2012;4.9707366528346
29/04/2012;4.90260617767387
30/04/2012;4.9421168100526
01/05/2012;4.98713722735243
02/05/2012;5.05343735388662
03/05/2012;5.11887297895967
04/05/2012;5.08550708825248
05/05/2012;5.05663956458212
06/05/2012;5.0478007729398
07/05/2012;5.06755586703682
08/05/2012;5.02346642285213
09/05/2012;5.04130623553478
10/05/2012;4.92748871975453
11/05/2012;4.96370997749854
12/05/2012;4.94653223495032
13/05/2012;4.94479505376973
14/05/2012;5.01143592197545
15/05/2012;5.03364040035067
16/05/2012;5.08778450905903
17/05/2012;5.08966168644068
18/05/2012;5.11830148275862
19/05/2012;5.11254581122151
20/05/2012;5.09420096843951
21/05/2012;5.0942213100526
22/05/2012;5.08913918877849
23/05/2012;5.12885889976622
24/05/2012;5.11915775920514
25/05/2012;5.13727680654588
26/05/2012;5.10397880479252
27/05/2012;5.13461613500877
28/05/2012;5.13632541905318
29/05/2012;5.14847069783752
30/05/2012;5.13826456925774
31/05/2012;5.18163972121566
01/06/2012;5.26694375803624
02/06/2012;5.24363906019871
03/06/2012;5.21270498480421
04/06/2012;5.25876585739334
05/06/2012;5.42601429485681
06/06/2012;5.44616942197545
07/06/2012;5.58716980976037
08/06/2012;5.62252910169492
09/06/2012;5.55700233547633
10/06/2012;5.45789356925774
11/06/2012;5.58699698158971
12/06/2012;5.72749129865575
13/06/2012;5.90930132378726
14/06/2012;5.96202318205728
15/06/2012;6.52338071917008
16/06/2012;6.44415828229106
17/06/2012;6.1999664880187
18/06/2012;6.31084466861485
19/06/2012;6.49482671595558
20/06/2012;6.69355105552309
21/06/2012;6.67226250379895
22/06/2012;6.56376169783752
23/06/2012;6.44754168907072
24/06/2012;6.35049403857393
25/06/2012;6.31747363004091
26/06/2012;6.43286082875511
27/06/2012;6.61571340151958
28/06/2012;6.59006463296318
29/06/2012;6.65877675715956
30/06/2012;6.68042762302747
01/07/2012;6.62686009234366
02/07/2012;6.74347805084746
03/07/2012;6.44999240327294
04/07/2012;6.51483533313852
05/07/2012;6.64239860432496
06/07/2012;6.67218118936295
07/07/2012;6.80827371186441
08/07/2012;6.79631768790181
09/07/2012;7.03239588603156
10/07/2012;7.17858003565167
11/07/2012;7.18514778901227
12/07/2012;7.55593565020456
13/07/2012;7.63092125599065
14/07/2012;7.58012917825833
15/07/2012;7.62723485973115
16/07/2012;8.49340567738165
17/07/2012;8.75198485505552
18/07/2012;9.09519268614845
19/07/2012;8.87953341350087
20/07/2012;8.53245067913501
21/07/2012;8.87564584102864
22/07/2012;8.50656254412624
23/07/2012;8.53121126943308
24/07/2012;8.57458517066043
25/07/2012;8.7693472729398
26/07/2012;8.87576504617183
27/07/2012;8.89145989421391
28/07/2012;8.84256089421391
29/07/2012;8.74768065926359
30/07/2012;9.08831724897721
31/07/2012;9.32099840210403
01/08/2012;9.56802090385739
02/08/2012;10.5510396960842
03/08/2012;10.9158647466394
04/08/2012;10.9197148807715
05/08/2012;10.805117377557
06/08/2012;10.8694465017534
07/08/2012;10.9412794400935
08/08/2012;11.0703915967271
09/08/2012;11.1037247440094
10/08/2012;11.4475688045003
11/08/2012;11.5425355271771
12/08/2012;11.5925523898305
13/08/2012;11.9849629903565
14/08/2012;12.1870974810053
15/08/2012;13.1700773538866
16/08/2012;13.4507908246639
17/08/2012;12.0770055423729
18/08/2012;11.5775071648159
19/08/2012;7.83062184190532
20/08/2012;9.97987664874343
21/08/2012;9.90298201811806
22/08/2012;9.772554578609
23/08/2012;10.0886574260666
24/08/2012;10.5940425943892
25/08/2012;10.5836766715371
26/08/2012;10.545530742256
27/08/2012;10.9003800806546
28/08/2012;10.9329585336061
29/08/2012;10.8677839018118
30/08/2012;10.7277488383986
31/08/2012;10.1024098205728
01/09/2012;10.0065329374635
02/09/2012;10.2261162016365
03/09/2012;10.4971343091759
04/09/2012;10.3640018942139
05/09/2012;11.0255228784337
06/09/2012;11.1607690157802
07/09/2012;11.0761223366452
08/09/2012;11.0432700333139
09/09/2012;11.0620954932788
10/09/2012;11.1252888047925
11/09/2012;11.2680929552893
12/09/2012;11.3152859082408
13/09/2012;11.38029928872
14/09/2012;11.730107622443
15/09/2012;11.7183934155465
16/09/2012;11.8869112238457
17/09/2012;11.908317157218
18/09/2012;12.2596508386908
19/09/2012;12.5048540981882
20/09/2012;12.3671766493279
21/09/2012;12.3336578357686
22/09/2012;12.2137276250731
23/09/2012;12.1654630263004
24/09/2012;12.11358871654
25/09/2012;12.1824053945061
26/09/2012;12.3198168597312
27/09/2012;12.3187514018118
28/09/2012;12.3814573892461
29/09/2012;12.4047515055523
30/09/2012;12.3916224728229
01/10/2012;12.3893951601403
02/10/2012;12.8072380958504
03/10/2012;12.9554304944477
04/10/2012;12.8623857779077
05/10/2012;12.7522194190532
06/10/2012;12.5051297136178
07/10/2012;11.8739970853302
08/10/2012;11.7333297481005
09/10/2012;11.8286634354179
10/10/2012;12.109188478083
11/10/2012;12.0675518082992
12/10/2012;12.0280681648159
13/10/2012;11.9268038293396
14/10/2012;11.6505779608416
15/10/2012;11.9083095268849
16/10/2012;11.8480180689655
17/10/2012;11.9193881607247
18/10/2012;11.9259328445354
19/10/2012;11.7574857971946
20/10/2012;11.6943775517241
21/10/2012;11.657411405903
22/10/2012;11.7410779129164
23/10/2012;11.7077817299825
24/10/2012;11.6343523869082
25/10/2012;10.7536298202805
26/10/2012;10.130619493571
27/10/2012;10.4581862957335
28/10/2012;10.7099620838691
29/10/2012;10.6307389760374
30/10/2012;10.8593230584454
31/10/2012;11.1460718381064
01/11/2012;10.6135357510228
02/11/2012;10.5305036388077
03/11/2012;10.650747019287
04/11/2012;10.7968828924605
05/11/2012;10.7408207352425
06/11/2012;10.8681974991233
07/11/2012;10.9540989444769
08/11/2012;10.892699371128
09/11/2012;10.8158672180012
10/11/2012;10.8632604430158
11/11/2012;10.8418406388077
12/11/2012;11.0313424552893
13/11/2012;10.9980027790766
14/11/2012;10.9589524184687
15/11/2012;11.1751098585622
16/11/2012;11.705044829924
17/11/2012;11.7500423991818
18/11/2012;11.6656310321449
19/11/2012;11.7505293506721
20/11/2012;11.6991703167738
21/11/2012;11.7291351759205
22/11/2012;12.2919979465225
23/11/2012;12.2802876195207
24/11/2012;12.4132043997662
25/11/2012;12.5296894897721
26/11/2012;12.1846262399182
27/11/2012;12.1592753845704
28/11/2012;12.3316598270018
29/11/2012;12.4976616534191
30/11/2012;12.5861389275278
01/12/2012;12.5923868702513
02/12/2012;12.4979447565751
03/12/2012;12.6569578369375
04/12/2012;13.3695895815313
05/12/2012;13.3127502220923
06/12/2012;13.4779245403273
07/12/2012;13.4772824494448
08/12/2012;13.4999844091175
09/12/2012;13.3465108907072
10/12/2012;13.4922565809468
11/12/2012;13.615415666277
12/12/2012;13.6682136426067
13/12/2012;13.7552515207481
14/12/2012;13.6009222527762
15/12/2012;13.5309482887201
16/12/2012;13.3328610765634
17/12/2012;13.3200719514904
18/12/2012;13.2720338690824
19/12/2012;13.5385431800117
20/12/2012;13.5700270263004
21/12/2012;13.4289680023378
22/12/2012;13.4272139129164
23/12/2012;13.3181057568673
24/12/2012;13.4266626715371
25/12/2012;13.3655670046756
26/12/2012;13.4546990175336
27/12/2012;13.3993031811806
28/12/2012;13.4555072215079
29/12/2012;13.3740038603156
30/12/2012;13.445013798948
31/12/2012;13.5455524436002
01/01/2013;13.3313714219755
02/01/2013;13.2806068129749
03/01/2013;13.3840811484512
04/01/2013;13.4517211496201
05/01/2013;13.459406766803
06/01/2013;13.5044965078901
07/01/2013;13.5560616578025
08/01/2013;13.7803506312098
09/01/2013;13.8209552565751
10/01/2013;14.12317285564
11/01/2013;14.2276211227352
12/01/2013;14.2142856560491
13/01/2013;14.1607882670953
14/01/2013;14.3179703202805
15/01/2013;14.3136377516072
16/01/2013;14.7078140479252
17/01/2013;15.598599739626
18/01/2013;15.7157911239042
19/01/2013;15.5881263997662
20/01/2013;15.7195921373466
21/01/2013;16.7810195207481
22/01/2013;17.3001788386908
23/01/2013;17.5363954228521
24/01/2013;16.90108607218
25/01/2013;17.4072020292227
26/01/2013;17.5536291760608
27/01/2013;17.8646280148217
28/01/2013;18.7942648743425
29/01/2013;19.5147141861484
30/01/2013;19.7374466864407
31/01/2013;20.5116430306838
01/02/2013;20.443091956166
02/02/2013;19.6359017054354
03/02/2013;20.5789396832262
04/02/2013;20.4404879614261
05/02/2013;20.6593447276446
06/02/2013;21.2085655318527
07/02/2013;22.1177651789246
08/02/2013;22.7873650499299
09/02/2013;23.7338601537113
10/02/2013;23.9002893571011
11/02/2013;24.4972726949153
12/02/2013;24.9797364073641
13/02/2013;24.6416509347867
14/02/2013;27.2823898203039
15/02/2013;27.1712692291058
16/02/2013;27.3461635619521
17/02/2013;26.9272513763881
18/02/2013;26.9288676370544
19/02/2013;29.4136243807715
20/02/2013;29.8198072276447
21/02/2013;29.8180689158387
22/02/2013;30.4726565324372
23/02/2013;29.8064545458796
24/02/2013;29.8828484924021
25/02/2013;30.3520330949737
26/02/2013;31.1555373506721
27/02/2013;31.2402610829924
28/02/2013;33.3752939365868
01/03/2013;34.6062570341204
02/03/2013;34.143515924021
03/03/2013;34.451740484512
04/03/2013;36.3762652507306
05/03/2013;40.6729539902747
06/03/2013;43.2849961852133
07/03/2013;41.9474407158387
08/03/2013;43.902928914962
09/03/2013;46.8885866123086
10/03/2013;46.0660384590181
11/03/2013;48.275074577218
12/03/2013;44.4135452582116
13/03/2013;47.0161908515809
14/03/2013;46.9255625535453
15/03/2013;46.9025172478223
16/03/2013;47.1570156995909
17/03/2013;47.3334997837522
18/03/2013;51.3654363912578
19/03/2013;59.4986011114249
20/03/2013;63.6874854981899
21/03/2013;70.9175250053215
22/03/2013;69.8460845417884
23/03/2013;64.3831163705435
24/03/2013;71.6904242064758
25/03/2013;74.3140892495617
26/03/2013;78.6141974320088
27/03/2013;88.8520799138223
28/03/2013;87.6731739608416
29/03/2013;90.29569935827
30/03/2013;92.1899599883109
31/03/2013;93.8992384231444
01/04/2013;103.580346911163
02/04/2013;116.679944241173
03/04/2013;131.384809378154
04/04/2013;133.007120475745
05/04/2013;142.626065488019
06/04/2013;143.081822964933
07/04/2013;162.852214576856
08/04/2013;186.351161848042
09/04/2013;230.682996695207
10/04/2013;161.192889661017
11/04/2013;82.9015850379895
12/04/2013;111.476373194039
13/04/2013;97.6090718702513
14/04/2013;88.8614913997663
15/04/2013;80.8746931659848
16/04/2013;68.2831387270602
17/04/2013;92.8640369135009
18/04/2013;108.628345092344
19/04/2013;119.012283239042
20/04/2013;128.208288893045
21/04/2013;118.483243756283
22/04/2013;126.31427175979
23/04/2013;142.127218053185
24/04/2013;154.1332778045
25/04/2013;141.008659278492
26/04/2013;137.209600419638
27/04/2013;128.226669605202
28/04/2013;134.62356956166
29/04/2013;143.810378192577
30/04/2013;139.129647545295
01/05/2013;116.113801040327
02/05/2013;106.340984697253
03/05/2013;96.3168402741087
04/05/2013;112.497636369082
05/05/2013;116.488715827002
06/05/2013;112.118596195207
07/05/2013;111.609212873466
08/05/2013;113.136061854763
09/05/2013;111.974532710696
10/05/2013;117.691036883694
11/05/2013;115.49977766277
12/05/2013;114.885675559614
13/05/2013;117.404456646113
14/05/2013;107.865566569258
15/05/2013;108.986852425482
16/05/2013;112.917874050263
17/05/2013;117.284616014027
18/05/2013;118.169876680304
19/05/2013;117.033880187025
20/05/2013;117.818636469901
21/05/2013;117.252040911748
22/05/2013;118.9781735827
23/05/2013;123.726156049094
24/05/2013;128.971080654588
25/05/2013;128.844915254237
26/05/2013;130.158601110462
27/05/2013;126.392905902981
28/05/2013;125.904595265926
29/05/2013;129.564812390415
30/05/2013;126.513068381064
31/05/2013;127.816488895383
01/06/2013;128.791151081239
02/06/2013;122.626708942139
03/06/2013;122.949187901812
04/06/2013;120.189968731736
05/06/2013;120.869923845704
06/06/2013;119.053975669784
07/06/2013;110.1977314436
08/06/2013;109.178545341321
09/06/2013;99.9036034482759
10/06/2013;104.357566627703
11/06/2013;107.507520455874
12/06/2013;106.378116306254
13/06/2013;101.323897720631
14/06/2013;99.2132443015781
15/06/2013;99.8750374050263
16/06/2013;99.0383512565751
17/06/2013;100.126305084746
18/06/2013;104.289176382233
19/06/2013;104.417150789012
20/06/2013;104.323499707773
21/06/2013;101.416857393337
22/06/2013;100.039508474576
23/06/2013;100.314744593805
24/06/2013;99.0456832261835
25/06/2013;97.8327887200468
26/06/2013;98.6517007597896
27/06/2013;96.8039495990649
28/06/2013;89.4245067212157
29/06/2013;88.7972910578609
30/06/2013;89.4809076563413
01/07/2013;82.8675701344243
02/07/2013;87.8164666861484
03/07/2013;77.6913308007014
04/07/2013;79.1348708357686
05/07/2013;67.4476238527177
06/07/2013;66.3416808883694
07/07/2013;72.1095223728814
08/07/2013;73.9885537697253
09/07/2013;74.8919108708358
10/07/2013;85.0136791350088
11/07/2013;87.4975493863238
12/07/2013;90.0466987142022
13/07/2013;91.5925978959673
14/07/2013;89.892269275862
15/07/2013;93.7961525423729
16/07/2013;91.7810356516657
17/07/2013;91.0313512565751
18/07/2013;84.9617291174752
19/07/2013;86.2387945996493
20/07/2013;84.9108591466978
21/07/2013;85.6643502618352
22/07/2013;85.6490286382233
23/07/2013;86.977056691993
24/07/2013;88.15173056692
25/07/2013;90.166092226768
26/07/2013;89.9839859731151
27/07/2013;88.165275862069
28/07/2013;92.7458421975453
29/07/2013;93.2986972530684
30/07/2013;96.659552893045
31/07/2013;98.0244199298656
01/08/2013;96.5680178258329
02/08/2013;96.0745306838106
03/08/2013;95.5067095265926
04/08/2013;96.3654821741672
05/08/2013;97.5271338398598
06/08/2013;97.6712066043249
07/08/2013;97.0542068965517
08/08/2013;94.2572717708942
09/08/2013;92.4727767387493
10/08/2013;93.293552893045
11/08/2013;94.271312390415
12/08/2013;95.4464707773232
13/08/2013;97.7590750847458
14/08/2013;99.1212875511397
15/08/2013;98.1063331385155
16/08/2013;98.2909602571596
17/08/2013;99.6305043834015
18/08/2013;99.1780397428405
19/08/2013;102.784012273524
20/08/2013;104.500210987726
21/08/2013;110.801603740503
22/08/2013;109.523216832262
23/08/2013;107.697571595558
24/08/2013;108.882675043834
25/08/2013;113.082563413209
26/08/2013;112.11811484512
27/08/2013;117.759790765634
28/08/2013;118.317414377557
29/08/2013;118.835638223261
30/08/2013;124.885379602572
31/08/2013;128.377978959673
01/09/2013;130.536372004676
02/09/2013;129.565371712449
03/09/2013;129.182803623612
04/09/2013;122.529238749269
05/09/2013;122.370085037989
06/09/2013;117.861146405611
07/09/2013;119.814989479836
08/09/2013;118.057386323787
09/09/2013;121.259272647575
10/09/2013;122.215530189363
11/09/2013;127.088227060199
12/09/2013;126.780723553478
13/09/2013;127.407745178258
14/09/2013;124.348477498539
15/09/2013;125.076417884278
16/09/2013;126.204665984804
17/09/2013;126.897250146113
18/09/2013;126.903819403857
19/09/2013;124.180957334892
20/09/2013;122.921635885447
21/09/2013;123.508256867329
22/09/2013;123.124935125658
23/09/2013;122.865699006429
24/09/2013;123.797357685564
25/09/2013;123.614078609001
26/09/2013;124.68567445938
27/09/2013;126.605347749854
28/09/2013;126.796551724138
29/09/2013;127.108627703098
30/09/2013;126.090261835184
01/10/2013;127.575424313267
02/10/2013;104.105092928112
03/10/2013;117.575495032145
04/10/2013;121.930347749854
05/10/2013;121.393402688486
06/10/2013;122.475261250731
07/10/2013;123.906872589129
08/10/2013;124.76652893045
09/10/2013;125.933520312683
10/10/2013;126.704650496785
11/10/2013;127.25529924021
12/10/2013;127.851263004091
13/10/2013;132.415658679135
14/10/2013;135.339194915254
15/10/2013;141.493908533022
16/10/2013;138.327921917008
17/10/2013;143.74713383986
18/10/2013;152.775572180012
19/10/2013;165.772717124489
20/10/2013;166.500151081239
21/10/2013;179.910628579778
22/10/2013;190.402781414378
23/10/2013;204.600350964348
24/10/2013;194.41004376505
25/10/2013;185.64378762595
26/10/2013;179.808218001169
27/10/2013;194.546133255406
28/10/2013;196.274687317358
29/10/2013;204.428174167154
30/10/2013;197.900599420982
31/10/2013;203.283649912332
01/11/2013;203.037109849386
02/11/2013;204.792881355932
03/11/2013;210.275382611748
04/11/2013;228.79103886616
05/11/2013;243.641668907072
06/11/2013;263.209583987142
07/11/2013;290.124226183518
08/11/2013;333.750656511981
09/11/2013;331.051148451198
10/11/2013;327.558653499708
11/11/2013;342.697692869667
12/11/2013;354.645488310929
13/11/2013;394.50449522443
14/11/2013;416.706303302747
15/11/2013;408.398797334892
16/11/2013;435.798442767387
17/11/2013;485.33657685564
18/11/2013;657.778503874927
19/11/2013;546.878397311514
20/11/2013;595.339099649328
21/11/2013;720.764425260082
22/11/2013;802.916933718294
23/11/2013;834.295339989129
24/11/2013;807.166695499708
25/11/2013;816.243386616014
26/11/2013;916.097160140269
27/11/2013;962.910560911748
28/11/2013;1007.38716364699
29/11/2013;1128.7254880187
30/11/2013;1119.29671478667
01/12/2013;964.485793687902
02/12/2013;1040.80821770894
03/12/2013;1053.62102744828
04/12/2013;1134.93223088837
05/12/2013;1027.411772827
06/12/2013;824.581710337814
07/12/2013;703.748376025716
08/12/2013;783.573348334307
09/12/2013;896.079289888954
10/12/2013;977.165367329047
11/12/2013;875.464034272355
12/12/2013;873.324805987727
13/12/2013;879.156135300994
14/12/2013;852.856120526008
15/12/2013;864.0616578609
16/12/2013;677.894106801286
17/12/2013;682.62677270602
18/12/2013;526.12097632671
19/12/2013;685.525128959673
20/12/2013;600.216954260666
21/12/2013;597.033502548217
22/12/2013;615.013035271771
23/12/2013;657.926634155465
24/12/2013;650.664745178258
25/12/2013;678.290158094681
26/12/2013;749.996594956166
27/12/2013;722.570567492694
28/12/2013;715.852363078901
29/12/2013;727.271215663355
30/12/2013;735.741997077732
31/12/2013;729.557582910579
01/01/2014;752.404549944594
02/01/2014;784.954921314436
03/01/2014;807.222939029807
04/01/2014;828.602062618352
05/01/2014;902.487380263004
06/01/2014;914.459960841613
07/01/2014;803.351796198714
08/01/2014;820.690009503214
09/01/2014;831.334750487434
10/01/2014;853.298854844603
11/01/2014;889.555837119345
12/01/2014;845.191332220924
13/01/2014;822.877012197545
14/01/2014;815.293602711864
15/01/2014;841.089857364115
16/01/2014;815.854800298071
17/01/2014;792.829506475745
18/01/2014;809.783528356386
19/01/2014;838.428474734073
20/01/2014;828.885216592636
21/01/2014;823.817963763881
22/01/2014;818.976386323787
23/01/2014;810.922425195792
24/01/2014;781.042513950906
25/01/2014;804.403240800701
26/01/2014;814.499381373466
27/01/2014;742.701374970777
28/01/2014;790.176401876096
29/01/2014;793.38442490941
30/01/2014;799.474479836353
31/01/2014;803.237598784921
01/02/2014;813.219549216833
02/02/2014;814.490870426651
03/02/2014;806.997428372531
04/02/2014;800.078231893629
05/02/2014;784.473692777791
06/02/2014;763.569382232612
07/02/2014;711.571273419053
08/02/2014;677.682300941379
09/02/2014;687.406054576271
10/02/2014;685.457498836938
11/02/2014;671.89969169024
12/02/2014;653.765780911747
13/02/2014;612.918414962011
14/02/2014;668.788602659264
15/02/2014;654.377060198714
16/02/2014;623.250321948568
17/02/2014;631.334596306254
18/02/2014;627.271761415484
19/02/2014;623.54013694623
20/02/2014;563.768561098773
21/02/2014;580.324315973115
22/02/2014;607.12463333723
23/02/2014;610.082323746347
24/02/2014;542.266650753945
25/02/2014;533.707644436002
26/02/2014;587.57858829924
27/02/2014;585.393925650058
28/02/2014;551.29477030976
01/03/2014;567.534235441262
02/03/2014;558.527707156633
03/03/2014;676.505732781999
04/03/2014;674.51139943308
05/03/2014;670.338851099514
06/03/2014;667.712834003507
07/03/2014;631.770295213326
08/03/2014;621.524114496201
09/03/2014;640.578889322034
10/03/2014;628.151241165985
11/03/2014;633.73383823495
12/03/2014;634.646823717125
13/03/2014;643.432100859147
14/03/2014;628.308590005845
15/03/2014;636.218650061368
16/03/2014;634.168900970894
17/03/2014;622.760208649912
18/03/2014;614.309513717125
19/03/2014;610.511203474576
20/03/2014;586.607595710111
21/03/2014;569.694517995324
22/03/2014;564.700026703682
23/03/2014;558.958861691408
24/03/2014;585.023250518995
25/03/2014;583.771189094097
26/03/2014;579.243850400994
27/03/2014;483.164012612507
28/03/2014;498.661328949153
29/03/2014;489.517023547633
30/03/2014;458.966328275862
31/03/2014;455.355354056108
01/04/2014;479.008465867913
02/04/2014;439.011492524839
03/04/2014;449.441151519579
04/04/2014;449.719869736996
05/04/2014;461.675331482174
06/04/2014;458.633480544535
07/04/2014;448.655275066394
08/04/2014;452.803098796026
09/04/2014;442.837984932203
10/04/2014;366.911866063413
11/04/2014;421.943528071303
12/04/2014;424.274212647575
13/04/2014;416.362321654004
14/04/2014;461.108246586649
15/04/2014;521.615299606078
16/04/2014;531.481846731999
17/04/2014;499.837551544721
18/04/2014;483.020013533606
19/04/2014;504.365595178488
20/04/2014;501.55718444916
21/04/2014;498.084530300994
22/04/2014;489.503510029223
23/04/2014;490.63296754332
24/04/2014;503.291801028638
25/04/2014;466.426171344243
26/04/2014;459.22670981882
27/04/2014;438.709363717287
28/04/2014;441.547805468089
29/04/2014;447.709930772047
30/04/2014;448.875715514009
01/05/2014;460.194698255991
02/05/2014;452.239779761701
03/05/2014;438.978588005844
04/05/2014;436.675398644705
05/05/2014;432.338179035394
06/05/2014;430.128205394506
07/05/2014;442.18287609585
08/05/2014;440.402762711864
09/05/2014;452.697999723553
10/05/2014;456.75584628872
11/05/2014;439.114476037405
12/05/2014;441.280955581531
13/05/2014;439.005774985389
14/05/2014;444.848205727645
15/05/2014;446.96155873758
16/05/2014;448.74215371128
17/05/2014;449.2222893045
18/05/2014;446.962641437756
19/05/2014;447.404856808884
20/05/2014;490.335648158971
21/05/2014;493.933491817651
22/05/2014;526.81428842782
23/05/2014;523.699320280538
24/05/2014;527.691243132671
25/05/2014;573.312458796026
26/05/2014;584.847974868498
27/05/2014;573.928269245471
28/05/2014;579.189318819404
29/05/2014;570.349310929281
30/05/2014;620.846360607832
31/05/2014;627.892420689655
01/06/2014;630.074953535944
02/06/2014;663.505723845704
03/06/2014;672.387897136178
04/06/2014;643.887368790181
05/06/2014;661.503558153127
06/06/2014;650.133315897136
07/06/2014;656.800271770894
08/06/2014;657.819974868498
09/06/2014;648.336322326125
10/06/2014;650.936609585038
11/06/2014;631.489022209235
12/06/2014;591.975077147867
13/06/2014;597.044999707773
14/06/2014;575.559461718293
15/06/2014;589.724646405611
16/06/2014;590.567482174167
17/06/2014;609.080002922268
18/06/2014;607.629796025716
19/06/2014;595.751476914085
20/06/2014;591.531522793688
21/06/2014;592.764349503215
22/06/2014;599.634633547633
23/06/2014;589.552299824664
24/06/2014;579.973718585622
25/06/2014;562.236779953244
26/06/2014;580.749230274693
27/06/2014;600.638305376973
28/06/2014;594.390304208065
29/06/2014;600.840518410286
30/06/2014;638.94611396844
01/07/2014;642.95659672706
02/07/2014;651.298347749854
03/07/2014;646.413389130333
04/07/2014;630.635502922268
05/07/2014;630.468341905318
06/07/2014;634.67267445938
07/07/2014;622.854978959673
08/07/2014;624.894331092928
09/07/2014;621.939091759205
10/07/2014;616.522849795441
11/07/2014;634.494378141438
12/07/2014;636.923957934541
13/07/2014;629.87575043834
14/07/2014;619.197459088252
15/07/2014;621.934601402689
16/07/2014;616.351882232612
17/07/2014;624.259274985389
18/07/2014;630.750140268849
19/07/2014;629.17336440678
20/07/2014;625.248676212741
21/07/2014;621.305331385155
22/07/2014;619.823264465225
23/07/2014;619.772816773817
24/07/2014;602.87964552893
25/07/2014;601.578514319112
26/07/2014;594.702607247224
27/07/2014;591.575444184687
28/07/2014;587.493004967855
29/07/2014;584.11239333723
30/07/2014;562.914625073057
31/07/2014;581.975561952075
01/08/2014;596.506759205143
02/08/2014;589.757261542957
03/08/2014;586.753736703682
04/08/2014;587.60833547633
05/08/2014;581.881988603156
06/08/2014;582.248371420222
07/08/2014;586.046633547633
08/08/2014;589.024412624196
09/08/2014;588.978521332554
10/08/2014;589.373502045587
11/08/2014;573.441483927528
12/08/2014;568.307520163647
13/08/2014;548.370175336061
14/08/2014;505.107499707773
15/08/2014;500.323060132671
16/08/2014;521.7479628872
17/08/2014;497.764658971362
18/08/2014;468.957918176505
19/08/2014;486.794350672122
20/08/2014;515.120353886616
21/08/2014;519.307852133255
22/08/2014;516.159368790181
23/08/2014;497.12575949737
24/08/2014;508.430741963764
25/08/2014;501.610286674459
26/08/2014;511.852321741672
27/08/2014;510.162323787259
28/08/2014;506.285151665693
29/08/2014;508.866571887785
30/08/2014;501.275723261251
31/08/2014;478.511425482174
01/09/2014;474.541489772063
02/09/2014;474.430670660433
03/09/2014;473.95920338983
04/09/2014;489.555201344243
05/09/2014;478.749782875511
06/09/2014;480.64249181765
07/09/2014;478.36550087668
08/09/2014;468.975495908825
09/09/2014;473.51202717709
10/09/2014;477.778417592051
11/09/2014;477.270682057276
12/09/2014;473.997282291058
13/09/2014;477.960973991818
14/09/2014;475.648063997662
15/09/2014;472.655629748685
16/09/2014;464.177754529515
17/09/2014;456.339891291642
18/09/2014;426.880106954997
19/09/2014;393.893890707189
20/09/2014;411.041342781999
21/09/2014;400.404530683811
22/09/2014;400.881622150789
23/09/2014;438.491800993571
24/09/2014;423.700091759205
25/09/2014;409.537749853887
26/09/2014;405.298251899474
27/09/2014;400.599334599649
28/09/2014;375.549989772063
29/09/2014;373.0645578609
30/09/2014;389.264040411455
01/10/2014;382.909365867914
02/10/2014;372.525699006429
03/10/2014;357.665713617767
04/10/2014;328.826113091759
05/10/2014;322.826261542957
06/10/2014;326.803532729398
07/10/2014;333.570194915254
08/10/2014;354.407334307423
09/10/2014;361.716424897721
10/10/2014;358.890390810053
11/10/2014;361.908376972531
12/10/2014;377.871243717124
13/10/2014;391.994208942139
14/10/2014;400.880592054354
15/10/2014;394.625879894798
16/10/2014;382.321476329632
17/10/2014;382.200789596727
18/10/2014;391.293177089421
19/10/2014;388.684497954413
20/10/2014;381.190858562244
21/10/2014;385.204633541204
22/10/2014;380.778763296318
23/10/2014;357.344793103448
24/10/2014;357.48843395675
25/10/2014;345.811246639392
26/10/2014;353.081956165985
27/10/2014;350.015711864407
28/10/2014;354.653805084746
29/10/2014;333.599350087668
30/10/2014;344.609382232613
31/10/2014;337.182912624196
01/11/2014;324.371315020456
02/11/2014;324.248566627703
03/11/2014;325.361865575687
04/11/2014;329.657703974284
05/11/2014;338.805765341905
06/11/2014;349.689911747516
07/11/2014;342.133288135593
08/11/2014;345.716332554062
09/11/2014;363.610051724138
10/11/2014;365.502253945061
11/11/2014;367.825466978375
12/11/2014;422.591419637639
13/11/2014;421.914471654004
14/11/2014;398.388882817066
15/11/2014;377.993840736411
16/11/2014;390.205823495032
17/11/2014;387.501031560491
18/11/2014;373.864564582116
19/11/2014;377.613398012858
20/11/2014;356.181265341905
21/11/2014;350.748858854471
22/11/2014;352.455514611338
23/11/2014;367.773242255991
24/11/2014;376.994223845704
25/11/2014;376.755630040912
26/11/2014;367.530208065459
27/11/2014;369.530227352425
28/11/2014;377.896931911163
29/11/2014;376.07633547633
30/11/2014;378.690397136178
01/12/2014;379.111978959673
02/12/2014;382.946796317943
03/12/2014;375.916019286967
04/12/2014;368.845568088837
05/12/2014;378.428329631794
06/12/2014;375.13795119813
07/12/2014;376.639793103448
08/12/2014;363.215676797195
09/12/2014;351.106837814144
10/12/2014;347.881393921683
11/12/2014;348.593006136762
12/12/2014;353.190612507306
13/12/2014;349.242945061368
14/12/2014;356.07972150789
15/12/2014;347.095181472823
16/12/2014;328.613320280538
17/12/2014;320.297613383986
18/12/2014;313.511651179427
19/12/2014;318.242888661601
20/12/2014;330.065758328463
21/12/2014;320.992670075979
22/12/2014;331.842584453536
23/12/2014;336.084128579778
24/12/2014;323.032297779077
25/12/2014;318.996144360023
26/12/2014;329.210341905319
27/12/2014;315.968443892461
28/12/2014;317.010480420807
29/12/2014;313.065531560491
30/12/2014;310.442004091175
31/12/2014;320.662287258913
01/01/2015;314.77647194623
02/01/2015;315.942731735827
03/01/2015;285.647309760374
04/01/2015;263.334574810053
05/01/2015;275.003851548802
06/01/2015;287.549521040327
07/01/2015;297.535565166569
08/01/2015;284.342391876096
09/01/2015;292.501114552893
10/01/2015;276.230532144944
11/01/2015;268.755515488019
12/01/2015;268.617232028054
13/01/2015;224.108117767388
14/01/2015;175.637640561075
15/01/2015;212.341011396844
16/01/2015;207.595204850964
17/01/2015;199.824836645237
18/01/2015;211.132518410286
19/01/2015;216.894694915254
20/01/2015;211.919853886616
21/01/2015;227.904210403273
22/01/2015;233.647382817066
23/01/2015;233.132852425482
24/01/2015;249.08212390415
25/01/2015;254.51794126242
26/01/2015;273.952244886032
27/01/2015;264.753804500292
28/01/2015;235.735840444185
29/01/2015;233.957373465809
30/01/2015;228.896189947399
31/01/2015;217.332156049094
01/02/2015;227.111301285798
02/02/2015;240.092419929866
03/02/2015;227.775695791935
04/02/2015;226.781134132087
05/02/2015;217.011151081239
06/02/2015;222.724969316189
07/02/2015;228.647127410871
08/02/2015;224.035988895383
09/02/2015;220.768493863238
10/02/2015;220.888154295734
11/02/2015;219.495859731151
12/02/2015;222.583227936879
13/02/2015;236.555363822326
14/02/2015;257.627695791935
15/02/2015;234.445803039158
16/02/2015;235.086126826417
17/02/2015;243.905794272355
18/02/2015;235.995232320281
19/02/2015;241.872253945061
20/02/2015;245.530775277615
21/02/2015;245.596002630041
22/02/2015;236.690668322618
23/02/2015;239.066017825833
24/02/2015;239.869262127411
25/02/2015;238.236111046172
26/02/2015;237.044402396259
27/02/2015;255.116774400935
28/02/2015;254.948448568089
01/03/2015;260.651330800701
02/03/2015;276.322613676213
03/03/2015;282.705900935126
04/03/2015;273.447536528346
05/03/2015;276.268809175921
06/03/2015;273.31811484512
07/03/2015;276.403357393337
08/03/2015;275.338033898305
09/03/2015;290.130059029807
10/03/2015;292.320383109293
11/03/2015;296.693329339568
12/03/2015;295.800344827586
13/03/2015;285.911026300409
14/03/2015;283.608306253653
15/03/2015;287.270142022209
16/03/2015;291.392118059614
17/03/2015;285.248396551724
18/03/2015;257.286160140269
19/03/2015;262.092947983635
20/03/2015;262.966492109877
21/03/2015;261.18429748685
22/03/2015;268.899415838691
23/03/2015;266.777992986558
24/03/2015;246.835082992402
25/03/2015;246.719136762127
26/03/2015;249.532993571011
27/03/2015;247.378898305085
28/03/2015;253.23161396844
29/03/2015;242.967614260666
30/03/2015;248.336934541204
31/03/2015;244.712485680888
01/04/2015;247.185819403857
02/04/2015;253.630070426651
03/04/2015;254.83316364699
04/04/2015;253.945848626534
05/04/2015;261.112136177674
06/04/2015;256.367386908241
07/04/2015;254.831898012858
08/04/2015;245.825210403273
09/04/2015;243.860636177674
10/04/2015;235.871900642899
11/04/2015;237.40906779661
12/04/2015;237.141042372881
13/04/2015;225.505635885447
14/04/2015;219.757236703682
15/04/2015;223.313907948568
16/04/2015;228.493815312683
17/04/2015;222.785060198714
18/04/2015;223.398044126242
19/04/2015;223.284135300994
20/04/2015;224.894903565167
21/04/2015;234.939356516657
22/04/2015;233.822418760958
23/04/2015;235.933293687902
24/04/2015;231.458592343659
25/04/2015;226.445992986558
26/04/2015;220.503406779661
27/04/2015;227.325990356517
28/04/2015;225.549368790181
29/04/2015;225.66928842782
30/04/2015;236.327976037405
01/05/2015;232.746582700175
02/05/2015;235.540077147867
03/05/2015;240.464248977206
04/05/2015;238.976661309176
05/05/2015;236.02338340152
06/05/2015;229.481219300429
07/05/2015;237.130687317358
08/05/2015;244.383472822911
09/05/2015;242.705950029223
10/05/2015;240.731483927528
11/05/2015;242.24983722969
12/05/2015;242.209092051432
13/05/2015;236.550265926359
14/05/2015;236.948916715371
15/05/2015;237.484502337814
16/05/2015;235.812134424313
17/05/2015;236.963682933957
18/05/2015;232.88384961543
19/05/2015;231.974446814728
20/05/2015;234.190306253653
21/05/2015;235.553821741672
22/05/2015;240.323203682057
23/05/2015;238.963281706604
24/05/2015;240.711758328463
25/05/2015;237.003543249562
26/05/2015;236.796261250731
27/05/2015;237.203596434833
28/05/2015;236.956881940386
29/05/2015;236.646526592636
30/05/2015;232.788770017534
31/05/2015;229.45054792519
01/06/2015;223.282701928697
02/06/2015;225.320800993571
03/06/2015;225.213063413209
04/06/2015;223.54007685564
05/06/2015;224.731071887785
06/06/2015;225.160513150205
07/06/2015;223.411685856225
08/06/2015;228.774291350088
09/06/2015;229.370529514904
10/06/2015;228.588487434249
11/06/2015;229.584411747516
12/06/2015;229.811218510228
13/06/2015;233.015344535359
14/06/2015;232.507108708358
15/06/2015;236.7909628872
16/06/2015;251.432676797195
17/06/2015;247.969317650497
18/06/2015;249.012479544126
19/06/2015;244.803484219755
20/06/2015;245.582513150205
21/06/2015;244.300260081824
22/06/2015;247.017892460549
23/06/2015;244.184763296318
24/06/2015;240.451545295149
25/06/2015;242.347857685564
26/06/2015;242.967997369959
27/06/2015;251.529326709527
28/06/2015;249.058285797779
29/06/2015;256.65022238457
30/06/2015;263.854356864991
01/07/2015;258.042647574518
02/07/2015;254.747113383986
03/07/2015;256.087042833431
04/07/2015;260.50923962595
05/07/2015;271.302458211572
06/07/2015;269.137940093513
07/07/2015;266.469919053185
08/07/2015;270.576142898889
09/07/2015;269.680304792519
10/07/2015;285.558780829924
11/07/2015;293.917453828171
12/07/2015;311.481879894798
13/07/2015;292.649223845704
14/07/2015;287.740951490357
15/07/2015;285.922885447107
16/07/2015;278.532749269433
17/07/2015;280.064724722385
18/07/2015;277.354635300994
19/07/2015;275.281989479836
20/07/2015;279.114393045003
21/07/2015;276.652412624196
22/07/2015;277.764369082408
23/07/2015;276.811628579778
24/07/2015;289.305976329632
25/07/2015;289.507639976622
26/07/2015;293.314842781999
27/07/2015;294.426761835184
28/07/2015;295.410125268849
29/07/2015;289.85583635301
30/07/2015;288.236260666277
31/07/2015;284.597324371712
01/08/2015;281.66884628872
02/08/2015;282.423006428989
03/08/2015;282.185052308591
04/08/2015;285.286617475161
05/08/2015;282.338886908241
06/08/2015;278.99574868498
07/08/2015;279.488715078901
08/08/2015;261.450275569842
09/08/2015;266.342020455874
10/08/2015;264.928825248393
11/08/2015;271.421736119229
12/08/2015;268.143868497954
13/08/2015;264.691627995324
14/08/2015;266.355941554646
15/08/2015;261.936836645237
16/08/2015;258.930817389831
17/08/2015;258.009398305085
18/08/2015;217.885883116937
19/08/2015;227.218251899474
20/08/2015;235.523883109293
21/08/2015;232.80061783986
22/08/2015;230.639173290473
23/08/2015;228.673073933372
24/08/2015;211.955917592051
25/08/2015;222.655039450614
26/08/2015;226.116700175336
27/08/2015;224.939877264757
28/08/2015;232.17080829924
29/08/2015;229.826200175336
30/08/2015;229.019572472238
31/08/2015;230.689466101695
01/09/2015;227.955570426651
02/09/2015;229.502180709527
03/09/2015;227.107121566335
04/09/2015;231.177563413209
05/09/2015;235.903006136762
06/09/2015;240.805472238457
07/09/2015;240.6336157218
08/09/2015;244.174952659264
09/09/2015;238.722463179427
10/09/2015;238.750477206312
11/09/2015;240.845008116891
12/09/2015;236.351832176505
13/09/2015;230.548837317358
14/09/2015;230.948793980129
15/09/2015;230.398590005845
16/09/2015;229.043285797779
17/09/2015;233.202697837522
18/09/2015;233.175130917592
19/09/2015;232.241568088837
20/09/2015;231.362323787259
21/09/2015;226.773447983635
22/09/2015;230.626304792519
23/09/2015;230.132437755698
24/09/2015;234.319868497954
25/09/2015;235.538221800117
26/09/2015;234.591814436002
27/09/2015;233.243309760374
28/09/2015;240.017265341905
29/09/2015;237.336233781414
30/09/2015;236.739848042081
01/10/2015;238.229813851549
02/10/2015;237.937007305669
03/10/2015;239.735897720631
04/10/2015;239.516924897721
05/10/2015;240.961213833431
06/10/2015;246.940498246639
07/10/2015;243.734486849795
08/10/2015;243.029632963179
09/10/2015;244.448887492694
10/10/2015;245.955924313267
11/10/2015;248.528165400351
12/10/2015;246.093637346581
13/10/2015;250.471300701344
14/10/2015;253.142325540619
15/10/2015;254.693015002922
16/10/2015;262.737363237873
17/10/2015;271.930938924605
18/10/2015;263.481677381648
19/10/2015;264.362728229106
20/10/2015;270.832211864407
21/10/2015;268.040217708942
22/10/2015;275.414956458212
23/10/2015;278.612778026885
24/10/2015;283.61114289889
25/10/2015;286.04969345412
26/10/2015;286.703382817066
27/10/2015;295.562913793104
28/10/2015;304.442097019287
29/10/2015;314.879462302747
30/10/2015;328.492321157218
31/10/2015;314.119508182349
01/11/2015;329.854227644652
02/11/2015;364.616627995324
03/11/2015;400.923105201637
04/11/2015;405.481681472823
05/11/2015;384.341222969024
06/11/2015;372.975417884278
07/11/2015;386.504550847458
08/11/2015;372.400129748685
09/11/2015;380.495644360023
10/11/2015;337.830502337814
11/11/2015;308.922185856225
12/11/2015;337.522988603156
13/11/2015;337.278958211572
14/11/2015;333.047117475161
15/11/2015;319.928021624781
16/11/2015;331.132725014611
17/11/2015;335.849786090006
18/11/2015;335.744504967855
19/11/2015;326.232145528931
20/11/2015;321.940475452951
21/11/2015;325.905231151373
22/11/2015;323.716966101695
23/11/2015;323.012556341321
24/11/2015;319.961356527177
25/11/2015;328.960457334892
26/11/2015;356.255292518995
27/11/2015;359.268824371712
28/11/2015;356.567322618352
29/11/2015;371.707612507306
30/11/2015;377.389839859731
01/12/2015;362.532375803624
02/12/2015;359.22240414962
03/12/2015;361.210068088837
04/12/2015;363.241631794272
05/12/2015;389.362958796026
06/12/2015;393.319129748685
07/12/2015;395.346588252484
08/12/2015;413.798660432496
09/12/2015;417.632671244886
10/12/2015;415.729924313267
11/12/2015;453.86148012858
12/12/2015;435.85572238457
13/12/2015;434.403466393922
14/12/2015;442.991689655173
15/12/2015;464.617871712449
16/12/2015;454.142492402104
17/12/2015;456.240134611338
18/12/2015;463.175769725307
19/12/2015;461.399907948568
20/12/2015;442.15399006429
21/12/2015;437.640129456458
22/12/2015;435.268379018118
23/12/2015;442.665727060199
24/12/2015;455.878713033314
25/12/2015;455.718825832846
26/12/2015;418.221531560491
27/12/2015;422.705894506137
28/12/2015;421.052879602572
29/12/2015;431.340021332554
30/12/2015;426.043646990064
31/12/2015;429.677153419053
01/01/2016;434.678006428989
02/01/2016;434.439877264757
03/01/2016;430.136180011689
04/01/2016;433.44897106955
05/01/2016;432.669502630041
06/01/2016;430.677869666862
07/01/2016;459.208940093513
08/01/2016;454.134423728814
09/01/2016;449.845216247808
10/01/2016;448.580216247808
11/01/2016;449.033059029807
12/01/2016;441.768157218001
13/01/2016;432.310645236704
14/01/2016;429.823224722385
15/01/2016;367.823199883109
16/01/2016;388.071204558738
17/01/2016;382.482086499123
18/01/2016;384.865166569258
19/01/2016;378.161725014611
20/01/2016;420.622924168323
21/01/2016;409.298459672706
22/01/2016;381.046459380479
23/01/2016;386.370602571596
24/01/2016;403.446926651081
25/01/2016;391.986097311514
26/01/2016;391.142935125657
27/01/2016;394.62753037405
28/01/2016;378.900995616599
29/01/2016;378.99999482291
30/01/2016;377.262779076564
31/01/2016;366.341687609585
01/02/2016;371.22343509059
02/02/2016;372.927631209819
03/02/2016;368.098206604325
04/02/2016;389.723081239042
05/02/2016;384.398413983051
06/02/2016;374.631555523086
07/02/2016;375.153917592051
08/02/2016;370.814350327294
09/02/2016;373.5116128609
10/02/2016;379.082611630625
11/02/2016;377.639165108124
12/02/2016;382.294456458212
13/02/2016;389.598432472238
14/02/2016;406.150669491525
15/02/2016;399.26761864699
16/02/2016;407.035309468147
17/02/2016;415.324113383986
18/02/2016;421.289662981882
19/02/2016;419.626528541204
20/02/2016;440.195760081823
21/02/2016;438.718612681473
22/02/2016;437.535295094097
23/02/2016;420.032592609585
24/02/2016;423.995112507306
25/02/2016;424.090870251315
26/02/2016;431.762241963764
27/02/2016;432.947845996493
28/02/2016;433.102262711864
29/02/2016;437.775872589129
01/03/2016;432.807867153711
02/03/2016;423.079789392168
03/03/2016;419.268821332554
04/03/2016;407.990154295734
05/03/2016;397.314453945061
06/03/2016;403.705187463472
07/03/2016;413.22936616014
08/03/2016;411.425953243717
09/03/2016;412.540703506721
10/03/2016;416.340928696669
11/03/2016;419.511934248977
12/03/2016;410.264163296318
13/03/2016;411.805882466394
14/03/2016;415.026957276446
15/03/2016;415.266400292227
16/03/2016;417.024118468732
17/03/2016;418.605363822326
18/03/2016;408.901587405026
19/03/2016;409.124429865576
20/03/2016;412.056953828171
21/03/2016;411.601774050263
22/03/2016;416.581653828171
23/03/2016;417.378299532437
24/03/2016;413.560239918177
25/03/2016;416.373243834015
26/03/2016;416.823096668615
27/03/2016;425.454959848042
28/03/2016;422.917446814728
29/03/2016;415.863828755114
30/03/2016;412.777697779076
31/03/2016;415.956811221508
01/04/2016;417.20066025716
02/04/2016;419.763056691993
03/04/2016;420.073578901227
04/04/2016;419.540727878434
05/04/2016;422.50136440678
06/04/2016;421.907191233197
07/04/2016;421.467220046756
08/04/2016;418.643460549386
09/04/2016;418.758635359439
10/04/2016;421.954488544711
11/04/2016;423.273044009351
12/04/2016;427.427664582116
13/04/2016;424.87251811806
14/04/2016;425.8565949737
15/04/2016;430.724418760959
16/04/2016;432.216313033314
17/04/2016;429.339968731736
18/04/2016;429.656933664524
19/04/2016;437.568726183518
20/04/2016;442.661653302163
21/04/2016;452.164702805377
22/04/2016;448.134421332554
23/04/2016;453.914722969024
24/04/2016;463.382871420222
25/04/2016;465.31600666277
26/04/2016;469.60876452367
27/04/2016;445.741113091759
28/04/2016;451.060061776739
29/04/2016;457.009965225015
30/04/2016;449.900484511981
01/05/2016;455.010731151374
02/05/2016;444.933061192285
03/05/2016;451.628850379895
04/05/2016;448.367967562829
05/05/2016;449.336072472238
06/05/2016;461.693862361192
07/05/2016;461.361842489772
08/05/2016;461.378872296902
09/05/2016;463.462231677382
10/05/2016;451.079668322618
11/05/2016;453.896305260082
12/05/2016;455.607255932203
13/05/2016;457.241902688486
14/05/2016;458.119524839275
15/05/2016;460.85772063121
16/05/2016;455.224077323203
17/05/2016;453.545777030976
18/05/2016;454.486184102864
19/05/2016;437.724187142022
20/05/2016;442.396799240211
21/05/2016;444.078207188778
22/05/2016;440.558668848627
23/05/2016;444.205057276447
24/05/2016;445.674454938632
25/05/2016;450.54952717709
26/05/2016;454.43372238457
27/05/2016;471.820117299825
28/05/2016;530.910597895967
29/05/2016;527.54971244886
30/05/2016;533.493149035652
31/05/2016;530.943692811221
01/06/2016;537.613678842782
02/06/2016;538.771243191116
03/06/2016;570.175988252484
04/06/2016;574.26620163647
05/06/2016;575.137638047925
06/06/2016;585.857149035652
07/06/2016;578.469240677966
08/06/2016;583.097585330216
09/06/2016;577.101699707773
10/06/2016;579.814993571011
11/06/2016;605.44955698422
12/06/2016;670.39237434249
13/06/2016;704.321778141438
14/06/2016;684.948319403857
15/06/2016;695.001468439509
16/06/2016;767.420031268264
17/06/2016;750.014633927528
18/06/2016;758.28878012858
19/06/2016;766.767132670952
20/06/2016;722.497452367037
21/06/2016;669.604204675628
22/06/2016;594.832974634716
23/06/2016;627.677855639977
24/06/2016;664.126985680889
25/06/2016;668.872684102864
26/06/2016;630.4342421391
27/06/2016;652.244807714787
28/06/2016;647.218768381064
29/06/2016;638.586345645821
30/06/2016;674.284814728229
01/07/2016;677.512385739334
02/07/2016;702.739316773817
03/07/2016;662.55008591467
04/07/2016;679.842453360608
05/07/2016;668.165981297487
06/07/2016;677.651333138515
07/07/2016;640.053236119229
08/07/2016;665.051708357685
09/07/2016;651.941914026885
10/07/2016;649.959340970193
11/07/2016;650.272594681473
12/07/2016;670.023127995324
13/07/2016;658.333613383986
14/07/2016;660.905960198714
15/07/2016;666.758671127995
16/07/2016;665.275622150789
17/07/2016;681.089601987142
18/07/2016;675.118579193454
19/07/2016;674.660360315605
20/07/2016;667.305364874343
21/07/2016;666.851739333723
22/07/2016;650.562911630625
23/07/2016;657.377942957335
24/07/2016;661.393979836353
25/07/2016;655.119577849211
26/07/2016;654.626339158387
27/07/2016;656.275146873174
28/07/2016;656.196453360608
29/07/2016;657.557567504383
30/07/2016;655.361730157803
31/07/2016;624.804487142022
01/08/2016;606.50924792519
02/08/2016;526.981148334307
03/08/2016;570.347040911748
04/08/2016;583.542158036236
05/08/2016;581.279805669199
06/08/2016;590.795402980713
07/08/2016;594.73232402104
08/08/2016;591.629283869083
09/08/2016;587.932138223261
10/08/2016;589.968758328463
11/08/2016;589.585884687317
12/08/2016;587.19164956166
13/08/2016;585.363581648159
14/08/2016;571.387062536528
15/08/2016;566.564441320865
16/08/2016;578.414924137931
17/08/2016;573.663744418469
18/08/2016;573.263191992987
19/08/2016;573.958457919345
20/08/2016;581.797070134424
21/08/2016;580.79219257744
22/08/2016;584.971897720631
23/08/2016;582.627747399182
24/08/2016;578.701831677382
25/08/2016;576.033436586791
26/08/2016;578.874653419053
27/08/2016;570.200993746347
28/08/2016;575.105232554062
29/08/2016;573.429267562829
30/08/2016;575.695698421976
31/08/2016;572.272758328463
01/09/2016;572.221702045587
02/09/2016;576.846767387493
03/09/2016;600.374406779661
04/09/2016;610.538913325541
05/09/2016;607.526964172998
06/09/2016;612.995458270017
07/09/2016;615.659819111631
08/09/2016;630.550172004676
09/09/2016;622.977884044418
10/09/2016;624.752640444185
11/09/2016;608.246675920514
12/09/2016;607.70737270602
13/09/2016;608.694296317943
14/09/2016;609.41308766803
15/09/2016;607.070262594974
16/09/2016;607.806438047925
17/09/2016;607.381449678551
18/09/2016;611.533460315605
19/09/2016;608.871306312098
20/09/2016;608.371748626534
21/09/2016;596.945756633548
22/09/2016;595.564716540035
23/09/2016;602.378784921099
24/09/2016;602.687359731151
25/09/2016;600.610054880187
26/09/2016;606.778810637055
27/09/2016;605.151613734658
28/09/2016;604.686494389246
29/09/2016;605.202561952075
30/09/2016;608.865840736412
01/10/2016;615.408478842782
02/10/2016;611.748578316774
03/10/2016;612.590347399182
04/10/2016;610.007881355932
05/10/2016;612.147780946815
06/10/2016;611.76086277031
07/10/2016;617.905705143191
08/10/2016;619.301001753361
09/10/2016;617.101041320865
10/10/2016;618.0852
11/10/2016;642.981387258913
12/10/2016;636.59793220339
13/10/2016;635.444095324372
14/10/2016;639.586090298071
15/10/2016;637.283759322034
16/10/2016;642.913042548217
17/10/2016;639.137536469901
18/10/2016;635.576508591467
19/10/2016;629.640708036236
20/10/2016;628.598901110462
21/10/2016;630.90620338983
22/10/2016;654.508630976037
23/10/2016;651.961956750438
24/10/2016;650.027167153711
25/10/2016;655.792505084746
26/10/2016;675.109869316189
27/10/2016;686.523327060199
28/10/2016;690.390654938632
29/10/2016;715.445469316189
30/10/2016;699.333410987726
31/10/2016;698.897727995325
01/11/2016;730.578480011689
02/11/2016;740.367055523086
03/11/2016;689.939206954997
04/11/2016;705.432016656926
05/11/2016;706.819325569842
06/11/2016;715.896879777908
07/11/2016;706.181216773816
08/11/2016;711.835846580947
09/11/2016;721.50150993571
10/11/2016;713.407615604909
11/11/2016;715.703310637055
12/11/2016;703.847551139685
13/11/2016;703.626435300994
14/11/2016;705.643584161309
15/11/2016;712.3471528346
16/11/2016;742.050117592051
17/11/2016;735.318080537697
18/11/2016;749.57872729398
19/11/2016;751.213819403858
20/11/2016;730.350813617767
21/11/2016;736.506983927528
22/11/2016;747.997677966102
23/11/2016;741.240317942724
24/11/2016;737.35497597896
25/11/2016;739.685200175336
26/11/2016;734.652925891292
27/11/2016;727.741115838691
28/11/2016;730.082483752192
29/11/2016;731.646435710111
30/11/2016;742.20445131502
01/12/2016;753.674910111046
02/12/2016;772.302382729398
03/12/2016;766.110468147283
04/12/2016;766.380139099942
05/12/2016;752.670726241964
06/12/2016;759.117325774401
07/12/2016;764.987650087668
08/12/2016;767.659224634717
09/12/2016;771.902321098773
10/12/2016;775.474561309176
11/12/2016;770.496150496786
12/12/2016;778.506599064874
13/12/2016;778.930694564582
14/12/2016;776.963961484512
15/12/2016;776.176781998831
16/12/2016;782.230215897136
17/12/2016;789.60293220339
18/12/2016;790.632966526008
19/12/2016;790.279031677382
20/12/2016;799.777520748101
21/12/2016;828.4836792519
22/12/2016;858.50143395675
23/12/2016;915.562438340152
24/12/2016;891.155272063121
25/12/2016;896.003279310345
26/12/2016;903.201246639392
27/12/2016;925.950810461719
28/12/2016;979.960973991818
29/12/2016;973.462559438925
30/12/2016;961.182658153127
31/12/2016;968.970597019287
01/01/2017;997.257357977791
02/01/2017;1017.07788609001
03/01/2017;1032.60905318527
04/01/2017;1134.49644535359
05/01/2017;1000.49812893045
06/01/2017;892.463955639977
07/01/2017;903.453283635301
08/01/2017;912.484997077732
09/01/2017;903.508666803039
10/01/2017;906.498947399182
11/01/2017;788.314655990649
12/01/2017;807.109833547633
13/01/2017;826.746927410871
14/01/2017;820.045157276447
15/01/2017;824.547065166569
16/01/2017;830.838035067212
17/01/2017;906.026828112215
18/01/2017;881.259815371128
19/01/2017;902.263869959088
20/01/2017;895.174516189363
21/01/2017;924.46825949737
22/01/2017;922.467077381648
23/01/2017;919.115744126242
24/01/2017;887.743193804792
25/01/2017;895.690033255406
26/01/2017;916.6674685564
27/01/2017;920.454463471654
28/01/2017;922.774948568089
29/01/2017;915.63202314436
30/01/2017;920.313260783168
31/01/2017;968.499105669199
01/02/2017;987.532590414962
02/02/2017;1007.7043659848
03/02/2017;1015.30203945061
04/02/2017;1033.78597299825
05/02/2017;1014.56787574518
06/02/2017;1023.3174811806
07/02/2017;1053.62445902981
08/02/2017;1052.36764535359
09/02/2017;982.751939450614
10/02/2017;996.650153126827
11/02/2017;1011.37532220923
12/02/2017;1006.29646487434
13/02/2017;999.953184979545
14/02/2017;1012.2134635301
15/02/2017;1013.90384050263
16/02/2017;1036.80686475745
17/02/2017;1058.66992033898
18/02/2017;1060.66880488019
19/02/2017;1058.78640035067
20/02/2017;1088.68842922268
21/02/2017;1128.85529316189
22/02/2017;1129.70179064874
23/02/2017;1188.86178550555
24/02/2017;1185.48889158387
25/02/2017;1151.60473687902
26/02/2017;1181.71086586791
27/02/2017;1194.15245014611
28/02/2017;1188.39994073641
01/03/2017;1228.45965061368
02/03/2017;1262.93146738749
03/03/2017;1289.36319111631
04/03/2017;1268.94066440678
05/03/2017;1276.27368293396
06/03/2017;1282.25465663355
07/03/2017;1234.47646206897
08/03/2017;1152.13938924606
09/03/2017;1193.45552659264
10/03/2017;1098.53014903565
11/03/2017;1176.822921391
12/03/2017;1231.74835663355
13/03/2017;1239.39629631794
14/03/2017;1246.53656487434
15/03/2017;1258.65138147282
16/03/2017;1178.02075037989
17/03/2017;1072.08253816482
18/03/2017;962.569056165985
19/03/2017;1020.22025353594
20/03/2017;1037.7563458796
21/03/2017;1111.81826358854
22/03/2017;1037.30257013442
23/03/2017;1028.17285628288
24/03/2017;935.063496201052
25/03/2017;968.543329281122
26/03/2017;962.95805458796
27/03/2017;1042.91919777908
28/03/2017;1045.16293161894
29/03/2017;1039.68861578025
30/03/2017;1037.98766142607
31/03/2017;1081.74353109293
01/04/2017;1089.52477182934
02/04/2017;1105.56295575687
03/04/2017;1144.6647710111
04/04/2017;1141.92191870251
05/04/2017;1135.81164377557
06/04/2017;1194.59645938048
07/04/2017;1191.73145108124
08/04/2017;1184.41772033898
09/04/2017;1213.63413980129
10/04/2017;1211.64987621274
11/04/2017;1229.78493290473
12/04/2017;1216.11436785506
13/04/2017;1172.5583396844
14/04/2017;1174.33323354763
15/04/2017;1175.56218901227
16/04/2017;1173.6913798948
17/04/2017;1191.90120146113
18/04/2017;1202.13145803624
19/04/2017;1209.56090888369
20/04/2017;1235.80307451783
21/04/2017;1247.33607025132
22/04/2017;1243.55039257744
23/04/2017;1250.00148322618
24/04/2017;1257.23944225599
25/04/2017;1279.86471741672
26/04/2017;1296.48545745178
27/04/2017;1345.8899556692
28/04/2017;1347.98515552309
29/04/2017;1357.71525341905
30/04/2017;1381.9563722969
01/05/2017;1436.9414880187
02/05/2017;1463.81906846873
03/05/2017;1519.40894447691
04/05/2017;1539.8300515488
05/05/2017;1529.85044301578
06/05/2017;1573.28550961426
07/05/2017;1526.26777171245
08/05/2017;1685.08649631794
09/05/2017;1719.22801355932
10/05/2017;1782.499
11/05/2017;1835.48754821742
12/05/2017;1704.66164108708
13/05/2017;1779.84025669199
14/05/2017;1794.59355055523
15/05/2017;1736.88284611338
16/05/2017;1757.02694856809
17/05/2017;1808.74606469901
18/05/2017;1894.24726455289
19/05/2017;1967.54554769141
20/05/2017;2048.11767799532
21/05/2017;2045.22249316189
22/05/2017;2078.94350002922
23/05/2017;2257.28836382233
24/05/2017;2415.00722665108
25/05/2017;2319.60137866745
26/05/2017;2279.4185836353
27/05/2017;2044.30049982466
28/05/2017;2225.7008666277
29/05/2017;2284.71579748685
30/05/2017;2167.26447790766
31/05/2017;2299.43261025716
01/06/2017;2399.88763194039
02/06/2017;2479.4238943308
03/06/2017;2549.55195151958
04/06/2017;2524.99383354763
05/06/2017;2685.31891671537
06/06/2017;2871.34167735243
07/06/2017;2706.76000885447
08/06/2017;2802.56354681473
09/06/2017;2804.87226691993
10/06/2017;2916.3278597896
11/06/2017;2974.21455920514
12/06/2017;2665.43326995909
13/06/2017;2707.13782402104
14/06/2017;2443.82445137347
15/06/2017;2409.886764173
16/06/2017;2476.35909538282
17/06/2017;2652.75536335476
18/06/2017;2508.21420742256
19/06/2017;2589.64221338399
20/06/2017;2733.22655628288
21/06/2017;2639.26131420222
22/06/2017;2686.64751431911
23/06/2017;2685.87047101111
24/06/2017;2562.18914874342
25/06/2017;2497.72894137931
26/06/2017;2426.36505119813
27/06/2017;2530.34553600234
28/06/2017;2562.79226420222
29/06/2017;2540.44303161894
30/06/2017;2452.71206428989
01/07/2017;2412.3662131502
02/07/2017;2518.8721873758
03/07/2017;2551.92743173583
04/07/2017;2599.74474991233
05/07/2017;2608.10489117475
06/07/2017;2603.19547369959
07/07/2017;2495.78092220923
08/07/2017;2553.4941581239
09/07/2017;2506.17321355932
10/07/2017;2319.36689736996
11/07/2017;2319.16744061952
12/07/2017;2374.88626645237
13/07/2017;2343.73834824664
14/07/2017;2214.82523728814
15/07/2017;1989.63319023963
16/07/2017;1910.74954161309
17/07/2017;2215.74629614261
18/07/2017;2303.7611458796
19/07/2017;2257.06523588545
20/07/2017;2823.89792635885
21/07/2017;2666.1397182934
22/07/2017;2829.75405496786
23/07/2017;2753.24386493279
24/07/2017;2755.1595242256
25/07/2017;2558.69299894798
26/07/2017;2522.32464628872
27/07/2017;2665.14754649328
28/07/2017;2793.83348486265
29/07/2017;2706.4507654588
30/07/2017;2749.3845277031
31/07/2017;2862.61129088252
01/08/2017;2727.38918199883
02/08/2017;2690.14567197545
03/08/2017;2789.74631244886
04/08/2017;2860.27284324956
05/08/2017;3237.42336329632
06/08/2017;3230.11670894214
07/08/2017;3392.56241864407
08/08/2017;3425.67661659848
09/08/2017;3347.21543161894
10/08/2017;3437.03215546464
11/08/2017;3660.52053728813
12/08/2017;3871.08240619521
13/08/2017;4063.80105271771
14/08/2017;4304.60393120982
15/08/2017;4160.0305458796
16/08/2017;4364.67857463472
17/08/2017;4308.51686142607
18/08/2017;4108.50716218586
19/08/2017;4160.33245686733
20/08/2017;4085.8103943308
21/08/2017;3992.62603524255
22/08/2017;4074.33046125073
23/08/2017;4146.9153452367
24/08/2017;4325.81642799532
25/08/2017;4353.13177255991
26/08/2017;4341.97871677382
27/08/2017;4344.90344476914
28/08/2017;4379.76392068966
29/08/2017;4600.45683097604
30/08/2017;4586.63273670368
31/08/2017;4740.35621770894
01/09/2017;4918.16624488603
02/09/2017;4595.02001782583
03/09/2017;4625.296314436
04/09/2017;4374.75349649328
05/09/2017;4454.05253769725
06/09/2017;4607.51652980713
07/09/2017;4635.11187580362
08/09/2017;4345.45765634132
09/09/2017;4335.593449737
10/09/2017;4261.84352104033
11/09/2017;4212.54757334892
12/09/2017;4164.31943424898
13/09/2017;3887.11858679135
14/09/2017;3247.4687390415
15/09/2017;3699.22294389246
16/09/2017;3711.23435067212
17/09/2017;3711.85620397428
18/09/2017;4080.42844301578
19/09/2017;3925.73619023963
20/09/2017;3895.777078609
21/09/2017;3617.24346580947
22/09/2017;3619.2137182934
23/09/2017;3775.60059409702
24/09/2017;3676.89694418469
25/09/2017;3918.73807130333
26/09/2017;3890.09093687902
27/09/2017;4207.78748538866
28/09/2017;4187.76979631794
29/09/2017;4155.01011981298
30/09/2017;4334.54461250731
01/10/2017;4382.08689801286
02/10/2017;4386.8757150789
03/10/2017;4306.56464202221
04/10/2017;4216.68482144944
05/10/2017;4319.42091583869
06/10/2017;4365.91571040327
07/10/2017;4438.85593308007
08/10/2017;4600.73979661017
09/10/2017;4777.53465692577
10/10/2017;4741.07791496201
11/10/2017;4814.96711805962
12/10/2017;5393.66898275862
13/10/2017;5614.07751461134
14/10/2017;5785.73831502046
15/10/2017;5689.86505961426
16/10/2017;5756.14881180596
17/10/2017;5590.41632437171
18/10/2017;5583.8704257744
19/10/2017;5708.31299094097
20/10/2017;6000.88313033314
21/10/2017;6030.20789275278
22/10/2017;5996.59813880772
23/10/2017;5888.25001665693
24/10/2017;5517.77535330216
25/10/2017;5736.01780157802
26/10/2017;5900.31772910579
27/10/2017;5771.94504617183
28/10/2017;5762.38857685564
29/10/2017;6174.72884482758
30/10/2017;6119.25638398597
31/10/2017;6428.51463705435
01/11/2017;6726.41183459965
02/11/2017;7043.77793892461
03/11/2017;7198.63211075394
04/11/2017;7420.498078609
05/11/2017;7371.13902980713
06/11/2017;6985.26384395091
07/11/2017;7118.20254383402
08/11/2017;7451.21278667446
09/11/2017;7117.73804967855
10/11/2017;6620.56733635301
11/11/2017;6346.72144915254
12/11/2017;5829.09782758621
13/11/2017;6519.44517212157
14/11/2017;6592.37439713618
15/11/2017;7257.37321215664
16/11/2017;7833.7044333723
17/11/2017;7729.03327001753
18/11/2017;7796.15424108708
19/11/2017;8018.32068848626
20/11/2017;8269.87425745178
21/11/2017;8091.99808357686
22/11/2017;8249.59733021625
23/11/2017;8071.66982144945
24/11/2017;8232.42233313851
25/11/2017;8760.1654421391
26/11/2017;9319.90331472823
27/11/2017;9730.72857948568
28/11/2017;9932.19418001169
29/11/2017;9800.02755172414
30/11/2017;9996.71497194623
01/12/2017;10808.9583325541
02/12/2017;10934.8599856809
03/12/2017;11213.9426554646
04/12/2017;11562.1285669199
05/12/2017;11736.7540672122
06/12/2017;13992.1323372297
07/12/2017;17032.2933763881
08/12/2017;16298.4873386908
09/12/2017;15050.0219541204
10/12/2017;15474.9995432496
11/12/2017;16873.4977849211
12/12/2017;17433.9307381648
13/12/2017;16515.15257218
14/12/2017;16602.8928033314
15/12/2017;17702.0021721216
16/12/2017;19640.5138834015
17/12/2017;19250.467650789
18/12/2017;18982.0250242548
19/12/2017;17653.3260894214
20/12/2017;16453.6272603741
21/12/2017;15633.8336504968
22/12/2017;14305.7183436587
23/12/2017;14910.8581049094
24/12/2017;14026.3468661601
25/12/2017;14080.9422600818
26/12/2017;15727.1454792519
27/12/2017;15389.0005739334
28/12/2017;14289.4522095266
29/12/2017;14571.7460821157
30/12/2017;12948.7158828171
31/12/2017;13921.4806414378
01/01/2018;13464.6536116306
02/01/2018;14754.322204851
03/01/2018;15010.2861595558
04/01/2018;15070.3007986558
05/01/2018;16997.2274079486
06/01/2018;17103.589279661
07/01/2018;16231.6949994155
08/01/2018;14937.4150894214
09/01/2018;14378.5862174167
10/01/2018;14669.0882656341
11/01/2018;13186.7549427236
12/01/2018;13789.4436639392
13/01/2018;14231.2250645821
14/01/2018;13681.0654611338
15/01/2018;13591.6961966686
16/01/2018;11431.0401052016
17/01/2018;11159.6085905903
18/01/2018;11246.0397302747
19/01/2018;11440.2555616598
20/01/2018;12768.4045856224
21/01/2018;11422.3942589129
22/01/2018;10737.3505774401
23/01/2018;10849.3918793103
24/01/2018;11225.8961747516
25/01/2018;11130.4649473992
26/01/2018;11035.5546098773
27/01/2018;11320.9701852718
28/01/2018;11615.95871128
29/01/2018;11132.5543138515
30/01/2018;9959.54671537113
31/01/2018;10050.0957971946
01/02/2018;9039.86507510228
02/02/2018;8786.0773798948
03/02/2018;9132.10032232613
04/02/2018;8250.52689596727
05/02/2018;6849.54255932203
06/02/2018;7738.64395967271
07/02/2018;7624.59538953828
08/02/2018;8218.58085184103
09/02/2018;8660.45346785505
10/02/2018;8530.29280479252
11/02/2018;8096.72848129749
12/02/2018;8907.67017913501
13/02/2018;8523.96693191116
14/02/2018;9467.3010327294
15/02/2018;10106.7330835769
16/02/2018;10189.3164833431
17/02/2018;11085.5984143776
18/02/2018;10452.0919772063
19/02/2018;11139.3557305669
20/02/2018;11245.9323179427
21/02/2018;10458.8650888369
22/02/2018;9878.15894272355
23/02/2018;10159.0656125073
24/02/2018;9686.60177995325
25/02/2018;9603.22747749854
26/02/2018;10312.3657130333
27/02/2018;10654.1072948568
28/02/2018;10307.0249663939
01/03/2018;10923.6308617767
02/03/2018;11014.0584672706
03/03/2018;11425.6805654588
04/03/2018;11462.5831975453
05/03/2018;11540.6623205728
06/03/2018;10677.0352308591
07/03/2018;9903.0850490941
08/03/2018;9330.47545295149
09/03/2018;9278.13918439509
10/03/2018;8786.56042314436
11/03/2018;9513.53539976622
12/03/2018;9147.89018059615
13/03/2018;9160.54293278784
14/03/2018;8222.12723904149
15/03/2018;8268.58912244302
16/03/2018;8376.90449824664
17/03/2018;7881.66192051432
18/03/2018;8189.01671917008
19/03/2018;8537.0156233197
20/03/2018;8895.54717913501
21/03/2018;8879.5942565751
22/03/2018;8710.66493512566
23/03/2018;8771.74632349503
24/03/2018;8610.9885163647
25/03/2018;8440.61092255991
26/03/2018;8171.18435447107
27/03/2018;7837.26531940386
28/03/2018;7933.64272969024
29/03/2018;7108.5708132671
30/03/2018;6832.14906633548
31/03/2018;6922.2812969024
01/04/2018;6804.52487931035
02/04/2018;7033.25960958504
03/04/2018;7420.80051548802
04/04/2018;6780.54360140269
05/04/2018;6798.42261659848
06/04/2018;6610.49234979544
07/04/2018;6886.46947194623
08/04/2018;7009.99610432496
09/04/2018;6736.89282378726
10/04/2018;6816.71861542957
11/04/2018;6944.78585710111
12/04/2018;7904.33027527762
13/04/2018;7919.06469462303
14/04/2018;8006.41794330801
15/04/2018;8342.27110140269
16/04/2018;8046.98213354763
17/04/2018;7887.73795791935
18/04/2018;8162.83486177674
19/04/2018;8272.96731589714
20/04/2018;8839.5011320865
21/04/2018;8863.54082904734
22/04/2018;8800.95908708358
23/04/2018;8930.78463354763
24/04/2018;9652.21378872005
25/04/2018;8855.50893658679
26/04/2018;9264.72742694331
27/04/2018;8981.33079018118
28/04/2018;9341.82468468732
29/04/2018;9396.99762974869
30/04/2018;9228.7264836353
01/05/2018;9072.16875745178
02/05/2018;9204.12764056108
03/05/2018;9750.70014640561
04/05/2018;9696.64290999416
05/05/2018;9795.92577206312
06/05/2018;9595.08681940386
07/05/2018;9339.5108471654
08/05/2018;9212.36963471654
09/05/2018;9293.04227352425
10/05/2018;9037.53050905903
11/05/2018;8419.75858737581
12/05/2018;8485.77526680304
13/05/2018;8695.83309380479
14/05/2018;8671.07417475161
15/05/2018;8488.463421391
16/05/2018;8327.75620134424
17/05/2018;8050.51623933372
18/05/2018;8233.08645528931
19/05/2018;8229.48293571011
20/05/2018;8511.44883021625
21/05/2018;8398.62312653419
22/05/2018;8007.52653214495
23/05/2018;7520.86767913501
24/05/2018;7575.62448597312
25/05/2018;7425.37567445938
26/05/2018;7326.30318644068
27/05/2018;7338.19304441847
28/05/2018;7110.82388164816
29/05/2018;7453.63372501461
30/05/2018;7374.6690490941
31/05/2018;7478.74186703682
01/06/2018;7519.83573728814
02/06/2018;7637.44825306838
03/06/2018;7702.15793308007
04/06/2018;7486.65319959088
05/06/2018;7611.14985271771
06/06/2018;7650.77580713033
07/06/2018;7665.9478962595
08/06/2018;7622.60233021625
09/06/2018;7556.17169783752
10/06/2018;6744.73580099357
11/06/2018;6849.45268731736
12/06/2018;6526.69968001169
13/06/2018;6306.51316803039
14/06/2018;6629.77012419638
15/06/2018;6399.67404646406
16/06/2018;6495.31530917592
17/06/2018;6450.69397282291
18/06/2018;6703.81258971362
19/06/2018;6732.50880917592
20/06/2018;6753.20682583285
21/06/2018;6720.37323436587
22/06/2018;6059.5758591467
23/06/2018;6174.22577936879
24/06/2018;6146.48719491526
25/06/2018;6243.53544097019
26/06/2018;6096.12876621859
27/06/2018;6139.18968322618
28/06/2018;5858.63577819988
29/06/2018;6220.9137150789
30/06/2018;6375.5412314436
01/07/2018;6361.40253886616
02/07/2018;6608.367157218
03/07/2018;6498.3078591467
04/07/2018;6579.33337638808
05/07/2018;6535.29840268849
06/07/2018;6598.45909585038
07/07/2018;6737.85608036236
08/07/2018;6704.91998012858
09/07/2018;6664.02409351257
10/07/2018;6309.08400409118
11/07/2018;6377.97651139684
12/07/2018;6159.46667621274
13/07/2018;6208.98557188779
14/07/2018;6255.11247866744
15/07/2018;6347.60427381648
16/07/2018;6710.80743746347
17/07/2018;7320.59482787843
18/07/2018;7376.03833927528
19/07/2018;7467.0342980713
20/07/2018;7327.25668293396
21/07/2018;7410.56562039743
22/07/2018;7399.48374693162
23/07/2018;7716.15862741087
24/07/2018;8397.61652162478
25/07/2018;8202.72039538282
26/07/2018;7913.93077819989
27/07/2018;8173.7746113384
28/07/2018;8190.36005669199
29/07/2018;8229.60583869083
30/07/2018;8171.83951928697
31/07/2018;7725.13303594389
01/08/2018;7596.6980119813
02/08/2018;7542.69466189363
03/08/2018;7411.34425014611
04/08/2018;7002.2086528346
05/08/2018;7031.58775102279
06/08/2018;6929.99089421391
07/08/2018;6722.57843278784
08/08/2018;6267.3886735827
09/08/2018;6558.09690794857
10/08/2018;6135.75185856224
11/08/2018;6313.74931180596
12/08/2018;6314.69165575687
13/08/2018;6265.84804383402
14/08/2018;6184.82908562244
15/08/2018;6270.21479865576
16/08/2018;6290.7504552893
17/08/2018;6563.07828872005
18/08/2018;6399.28744681473
19/08/2018;6490.71612711865
20/08/2018;6272.95272881356
21/08/2018;6473.07603945061
22/08/2018;6365.00983167738
23/08/2018;6516.40902542373
24/08/2018;6697.73187872589
25/08/2018;6745.43893921683
26/08/2018;6689.86933313852
27/08/2018;6839.15895236704
28/08/2018;7092.97380829924
29/08/2018;7033.42806808884
30/08/2018;6966.96374371713
31/08/2018;7025.14078024547
01/09/2018;7192.35254734074
02/09/2018;7286.66779105786
03/09/2018;7257.47021391
04/09/2018;7358.81147895967
05/09/2018;6790.89732846289
06/09/2018;6488.07593687902
07/09/2018;6408.65362244301
08/09/2018;6187.79050233781
09/09/2018;6249.24631034483
10/09/2018;6295.3886025716
11/09/2018;6278.42463968439
12/09/2018;6327.53636323787
13/09/2018;6490.91231648159
14/09/2018;6494.69547895967
15/09/2018;6524.16566744594
16/09/2018;6497.40470134424
17/09/2018;6258.59487492694
18/09/2018;6340.34779018118
19/09/2018;6383.95187580362
20/09/2018;6498.60711104617
21/09/2018;6741.14289888954
22/09/2018;6705.47605113969
23/09/2018;6703.13684950321
24/09/2018;6576.5450032145
25/09/2018;6416.44402162478
26/09/2018;6463.25040356517
27/09/2018;6677.90048860316
28/09/2018;6623.12615984804
29/09/2018;6584.49914757452
30/09/2018;6604.485028346
01/10/2018;6561.81383226184
02/10/2018;6508.72093863238
03/10/2018;6464.45684365868
04/10/2018;6545.28566773816
05/10/2018;6585.14957977791
06/10/2018;6550.47831589714
07/10/2018;6564.56826008182
08/10/2018;6604.68527410871
09/10/2018;6590.42862215079
10/10/2018;6529.10243600234
11/10/2018;6159.25164260666
12/10/2018;6191.67722326125
13/10/2018;6197.68569637639
14/10/2018;6182.87934424313
15/10/2018;6442.71541408533
16/10/2018;6461.93715926359
17/10/2018;6442.73070017534
18/10/2018;6396.47981209819
19/10/2018;6383.07784015196
20/10/2018;6408.25274634717
21/10/2018;6415.34050292227
22/10/2018;6408.03363559322
23/10/2018;6395.98766686149
24/10/2018;6413.80364114553
25/10/2018;6402.3248591467
26/10/2018;6404.10855230859
27/10/2018;6409.40532758621
28/10/2018;6406.63325306838
29/10/2018;6263.0417346581
30/10/2018;6272.16772822911
31/10/2018;6306.31693132671
01/11/2018;6342.97750058445
02/11/2018;6348.16858270018
03/11/2018;6332.43413296318
04/11/2018;6420.42200029223
05/11/2018;6402.94683898305
06/11/2018;6441.14521887785
07/11/2018;6500.86980508475
08/11/2018;6406.75293746347
09/11/2018;6331.37876709527
10/11/2018;6353.11273407364
11/11/2018;6335.41420397428
12/11/2018;6320.65605376972
13/11/2018;6267.9379912332
14/11/2018;5574.25834891876
15/11/2018;5538.56060783168
16/11/2018;5496.01623115137
17/11/2018;5501.09234044418
18/11/2018;5555.3763383986
19/11/2018;4792.20002367037
20/11/2018;4317.53067007598
21/11/2018;4549.32200993571
22/11/2018;4303.61554850964
23/11/2018;4289.89285330216
24/11/2018;3806.31692489772
25/11/2018;3946.85087434249
26/11/2018;3700.28599269433
27/11/2018;3776.55590531853
28/11/2018;4208.47526914085
29/11/2018;4239.03948831093
30/11/2018;3973.33405230859
01/12/2018;4148.07372559906
02/12/2018;4098.74676388077
03/12/2018;3843.9766659848
04/12/2018;3892.95164699006
05/12/2018;3709.52085827002
06/12/2018;3511.96898158971
07/12/2018;3372.99569257744
08/12/2018;3407.95119462303
09/12/2018;3540.43957597896
10/12/2018;3413.59258416131
11/12/2018;3352.56420017534
12/12/2018;3423.01291788428
13/12/2018;3260.34158240795
14/12/2018;3198.94747369959
15/12/2018;3185.07404383402
16/12/2018;3195.41455523086
17/12/2018;3499.15648188194
18/12/2018;3659.52737931035
19/12/2018;3697.72530333139
20/12/2018;4067.73770777323
21/12/2018;3839.08510841613
22/12/2018;3964.94611630625
23/12/2018;3942.66699590883
24/12/2018;4040.04578959673
25/12/2018;3761.58401081239
26/12/2018;3807.65745353594
27/12/2018;3585.46053594389
28/12/2018;3881.05488486265
29/12/2018;3823.13832612507
30/12/2018;3825.4074628872
31/12/2018;3687.19994009351
01/01/2019;3808.11783167738
02/01/2019;3898.1974880187
03/01/2019;3784.38863471654
04/01/2019;3827.52459438925
05/01/2019;3798.61395499708
06/01/2019;4045.99377498539
07/01/2019;4001.01827819988
08/01/2019;3992.6227893045
09/01/2019;4004.25903565167
10/01/2019;3627.90345002922
11/01/2019;3624.16142109877
12/01/2019;3617.02207831677
13/01/2019;3508.6701081239
14/01/2019;3666.94519374635
15/01/2019;3581.29301548802
16/01/2019;3606.98657568673
17/01/2019;3640.12913062536
18/01/2019;3609.42673611923
19/01/2019;3687.30196113384
20/01/2019;3538.31372296903
21/01/2019;3535.623393045
22/01/2019;3577.30834979544
23/01/2019;3551.89382115722
24/01/2019;3567.58893366452
25/01/2019;3561.35049795441
26/01/2019;3557.03991525424
27/01/2019;3537.61413062536
28/01/2019;3435.05251402689
29/01/2019;3395.82376329632
30/01/2019;3437.89586616014
31/01/2019;3410.13161601403
01/02/2019;3445.04989129164
02/02/2019;3461.93511747516
03/02/2019;3413.02161630625
04/02/2019;3411.38796171829
05/02/2019;3426.46501139684
06/02/2019;3367.50636499123
07/02/2019;3358.87359906487
08/02/2019;3612.47961922852
09/02/2019;3621.26812098188
10/02/2019;3642.0223591467
11/02/2019;3590.6184836353
12/02/2019;3587.90246580947
13/02/2019;3576.08537258913
14/02/2019;3561.91638340152
15/02/2019;3565.00692372881
16/02/2019;3584.73600263004
17/02/2019;3622.7574289889
18/02/2019;3866.12921712449
19/02/2019;3895.43521098773
20/02/2019;3931.61382904734
21/02/2019;3892.26179427236
22/02/2019;3948.30051052016
23/02/2019;4110.15112127411
24/02/2019;3754.18378988895
25/02/2019;3822.01869666861
26/02/2019;3796.17506838106
27/02/2019;3799.3819924021
28/02/2019;3792.94772296902
01/03/2019;3810.63269257744
02/03/2019;3809.64339099942
03/03/2019;3782.38187025132
04/03/2019;3698.16185505552
05/03/2019;3840.1280490941
06/03/2019;3851.99842548218
07/03/2019;3855.92316832262
08/03/2019;3839.23355289304
09/03/2019;3910.36116656926
10/03/2019;3903.9119509059
11/03/2019;3851.56892168323
12/03/2019;3858.91482378726
13/03/2019;3851.95746639392
14/03/2019;3853.78326504968
15/03/2019;3901.91420689655
16/03/2019;3989.79607685564
17/03/2019;3967.14349444769
18/03/2019;3969.44014582116
19/03/2019;3996.16790356517
20/03/2019;4030.65527586207
21/03/2019;3976.27385008767
22/03/2019;3983.88764582116
23/03/2019;3981.77603302163
24/03/2019;3970.6669880187
25/03/2019;3908.23883869082
26/03/2019;3917.76340210403
27/03/2019;4027.00791788428
28/03/2019;4010.93746201052
29/03/2019;4089.46104003507
30/03/2019;4091.89103834015
31/03/2019;4094.31781472823
01/04/2019;4138.41780771479
02/04/2019;4903.71946206897
03/04/2019;4960.22760274693
04/04/2019;4911.26970245471
05/04/2019;5033.22548369375
06/04/2019;5044.35684593805
07/04/2019;5189.11195558153
08/04/2019;5283.42302483928
09/04/2019;5195.57790882525
10/04/2019;5311.74160327294
11/04/2019;5050.66600859147
12/04/2019;5082.86143202805
13/04/2019;5074.79069257744
14/04/2019;5156.80404061952
15/04/2019;5042.89773845704
16/04/2019;5205.96295745178
17/04/2019;5226.35221519579
18/04/2019;5278.5023395675
19/04/2019;5289.95121911163
20/04/2019;5313.97326212741
21/04/2019;5295.73382817066
22/04/2019;5383.79997533606
23/04/2019;5544.86271186441
24/04/2019;5431.94791963764
25/04/2019;5127.67316738749
26/04/2019;5150.16466066628
27/04/2019;5181.80776364699
28/04/2019;5148.66961542957
29/04/2019;5148.80049327878
30/04/2019;5266.61820251315
01/05/2019;5315.17532904734
02/05/2019;5393.12937638808
03/05/2019;5658.43038836938
04/05/2019;5774.71242869667
05/05/2019;5728.35170222092
06/05/2019;5691.68837405026
07/05/2019;5825.744893045
08/05/2019;5931.8005949737
09/05/2019;6150.14044476914
10/05/2019;6357.46349357101
11/05/2019;7325.08286031561
12/05/2019;6942.62317451783
13/05/2019;7798.90573600234
14/05/2019;7955.5576823495
15/05/2019;8215.2068383986
16/05/2019;7862.07160233782
17/05/2019;7326.92068188194
18/05/2019;7277.98756341321
19/05/2019;8219.74278696669
20/05/2019;7981.13937895967
21/05/2019;7983.80847738165
22/05/2019;7667.90211484512
23/05/2019;7897.4712936879
24/05/2019;7987.10036762127
25/05/2019;8061.59176072472
26/05/2019;8731.52495587376
27/05/2019;8816.78670835769
28/05/2019;8719.12584833431
29/05/2019;8655.48850613676
30/05/2019;8271.62196317942
31/05/2019;8556.222185564
01/06/2019;8554.80732963179
02/06/2019;8744.35374547049
03/06/2019;8173.40127054354
04/06/2019;7649.93933196961
05/06/2019;7798.54446639392
06/06/2019;7776.71332612507
07/06/2019;8023.950093045
08/06/2019;7939.80515488019
09/06/2019;7634.06575073057
10/06/2019;7993.30253857393
11/06/2019;7922.48362711864
12/06/2019;8146.75612507306
13/06/2019;8232.77734137931
14/06/2019;8698.00481502046
15/06/2019;8850.58481601403
16/06/2019;9019.51700672121
17/06/2019;9340.57218877849
18/06/2019;9047.13274447691
19/06/2019;9285.05567656341
20/06/2019;9546.71977819988
21/06/2019;10083.4863136762
22/06/2019;10685.2952327878
23/06/2019;10794.4276963764
24/06/2019;11004.2069094681
25/06/2019;11726.2638308007
26/06/2019;12863.4606849795
27/06/2019;11109.7978418469
28/06/2019;12358.2079582116
29/06/2019;11944.3515473407
30/06/2019;10842.6167109877
01/07/2019;10569.5517282291
02/07/2019;10766.0833162186
03/07/2019;11952.0248935126
04/07/2019;11177.0103787551
05/07/2019;10998.3991004676
06/07/2019;11208.225600526
07/07/2019;11456.1836039158
08/07/2019;12319.6228758036
09/07/2019;12579.107616014
10/07/2019;12106.7829313267
11/07/2019;11294.678028346
12/07/2019;11813.3237158971
13/07/2019;11346.837148159
14/07/2019;10283.0757891292
15/07/2019;10926.3802741087
16/07/2019;9471.14086475745
17/07/2019;9674.88246113384
18/07/2019;10679.8906896552
19/07/2019;10532.2027291058
20/07/2019;10862.6485479252
21/07/2019;10589.7064907656
22/07/2019;10318.5609251899
23/07/2019;9866.64894038574
24/07/2019;9792.78753652835
25/07/2019;9897.18678603156
26/07/2019;9836.69678813559
27/07/2019;9446.67205207481
28/07/2019;9529.78879193454
29/07/2019;9504.15891595558
30/07/2019;9589.10920601987
31/07/2019;10059.0040189947
01/08/2019;10400.3070143776
02/08/2019;10529.6944544126
03/08/2019;10810.4216686148
04/08/2019;10986.5089291058
05/08/2019;11790.0239375804
06/08/2019;11423.4970017534
07/08/2019;11967.2735473407
08/08/2019;11938.2346108708
09/08/2019;11858.3410984804
10/08/2019;11303.7305618936
11/08/2019;11530.195242256
12/08/2019;11384.6962465809
13/08/2019;10867.05475827
14/08/2019;10024.3795917008
15/08/2019;10310.0858696669
16/08/2019;10373.3219028054
17/08/2019;10207.1555616598
18/08/2019;10331.3099760374
19/08/2019;10884.6297744009
20/08/2019;10771.3923793688
21/08/2019;10096.8302238457
22/08/2019;10119.7145248393
23/08/2019;10414.1441725891
24/08/2019;10147.0871548802
25/08/2019;10100.3567783752
26/08/2019;10362.6434723553
27/08/2019;10168.221571654
28/08/2019;9724.79997808299
29/08/2019;9482.31173495032
30/08/2019;9577.67882349503
31/08/2019;9605.02446142607
01/09/2019;9762.93655689655
02/09/2019;10377.3383845704
03/09/2019;10618.7815058445
04/09/2019;10577.2410839275
05/09/2019;10580.1846995909
06/09/2019;10330.8497312098
07/09/2019;10494.5069649328
08/09/2019;10407.2656573933
09/09/2019;10332.4644424313
10/09/2019;10085.9519243133
11/09/2019;10142.1480603741
12/09/2019;10403.3599707773
13/09/2019;10345.3387469316
14/09/2019;10363.4528963179
15/09/2019;10306.1696674459
16/09/2019;10257.822761543
17/09/2019;10195.6111811806
18/09/2019;10161.3188664524
19/09/2019;10268.3926291642
20/09/2019;10170.1251161309
21/09/2019;9986.4061081239
22/09/2019;10047.0134748685
23/09/2019;9692.74104792519
24/09/2019;8613.67124850965
25/09/2019;8424.15764640561
26/09/2019;8091.69529924021
27/09/2019;8186.77963927528
28/09/2019;8201.97901344243
29/09/2019;8064.50806236119
30/09/2019;8282.3654541204
01/10/2019;8314.55139012273
02/10/2019;8362.53073232028
03/10/2019;8254.33991028638
04/10/2019;8165.68615125658
05/10/2019;8141.63371379311
06/10/2019;7854.60981297487
07/10/2019;8226.02342928112
08/10/2019;8190.1151207481
09/10/2019;8598.3319207481
10/10/2019;8578.09037931034
11/10/2019;8289.85402893045
12/10/2019;8323.7501440678
13/10/2019;8291.25065143191
14/10/2019;8346.36843658679
15/10/2019;8160.71262752776
16/10/2019;8003.85592314436
17/10/2019;8072.48938229106
18/10/2019;7959.33199357101
19/10/2019;7948.47733722969
20/10/2019;8213.70903927528
21/10/2019;8211.65455873758
22/10/2019;8029.20537288136
23/10/2019;7458.03585680889
24/10/2019;7454.37113816482
25/10/2019;8656.65517755699
26/10/2019;9249.64676095851
27/10/2019;9558.15604400935
28/10/2019;9319.17814167154
29/10/2019;9431.20712390415
30/10/2019;9182.85506516657
31/10/2019;9155.27729877265
01/11/2019;9251.38129345412
02/11/2019;9300.19083752192
03/11/2019;9209.63869608416
04/11/2019;9418.36013062537
05/11/2019;9330.78722296902
06/11/2019;9354.93338229106
07/11/2019;9210.74822238457
08/11/2019;8791.33393495032
09/11/2019;8810.78456195208
10/11/2019;9042.89072320281
11/11/2019;8713.20792957335
12/11/2019;8788.95814295734
13/11/2019;8766.72943050848
14/11/2019;8645.43580362361
15/11/2019;8465.87788854471
16/11/2019;8477.69024284044